Easting,Northing,rtk_elevation,Distance_along_transect,ALD,Tald,T5cm,SM,NDVI,FRB,ML,DRT,adem_20210927,lidar_202208_dtm,lidar_202208_dsm,lidar_201707_dtm,lidar_201707_dsm,TUSS,SDG,GRS,SHR,SW,class,Transect,Site,tgc3_group
410576.9596,7621714.591,,30.0,13.0,-0.4,3.4,51.9,0.38,0.0,0.0,0.0,781.4765625,,,,,0.0,0.5,0.0,0.5,0,it,TGC1-t1,TGC1,
410581.0313,7621711.697,,25.0,10.0,-0.4,3.5,50.6,0.51,0.0,0.1,0.0,781.1015625,,,,,0.0,0.2,0.0,0.7,0,vly,TGC1-t1,TGC1,
410581.8397,7621710.991,,24.0,14.0,-0.6,4.0,44.5,0.47,0.1,0.2,0.0,781.1015625,,,,,0.0,0.0,0.0,0.7,0,vly,TGC1-t1,TGC1,
410582.6677,7621710.346,,23.0,14.0,-0.5,5.8,46.9,0.47,0.1,0.2,0.0,781.046875,,,,,0.0,0.0,0.0,0.7,0,vly,TGC1-t1,TGC1,
410583.3873,7621709.775,,22.0,15.0,-0.4,6.6,49.7,0.46,0.05,0.5,0.0,780.9296875,,,,,0.0,0.25,0.0,0.2,0,vly,TGC1-t1,TGC1,
410584.3247,7621709.371,,21.0,16.0,-0.5,6.7,47.4,0.45,0.0,0.15,0.1,780.9296875,,,,,0.0,0.0,0.0,0.75,0,vly,TGC1-t1,TGC1,
410585.0701,7621708.854,,20.0,14.0,-0.3,7.6,41.3,0.4,0.0,0.0,0.3,780.8828125,,,,,0.0,0.0,0.0,0.7,0,vly,TGC1-t1,TGC1,
410585.9271,7621708.202,,19.0,16.0,-0.6,4.4,39.3,0.39,0.0,0.0,0.3,780.8203125,,,,,0.0,0.0,0.0,0.7,0,vly,TGC1-t1,TGC1,
410586.5555,7621707.674,,18.0,9.0,-0.6,1.0,,0.24,0.0,0.0,0.0,780.8203125,,,,,0.0,0.6,0.2,0.2,0,vly,TGC1-t1,TGC1,
410587.3205,7621707.174,,17.0,17.0,-0.6,2.0,,0.23,0.0,0.0,0.0,780.8125,,,,,0.0,0.8,0.2,0.0,1,vly,TGC1-t1,TGC1,
410588.1228,7621706.659,,16.0,15.0,-0.6,1.5,,0.14,0.0,0.0,0.0,780.8046875,,,,,0.0,0.8,0.2,0.0,1,vly,TGC1-t1,TGC1,
410588.9056,7621706.033,,15.0,9.0,-0.4,1.5,,0.24,0.0,0.0,0.0,780.8046875,,,,,0.0,0.8,0.2,0.0,1,chnl,TGC1-t1,TGC1,
410589.557,7621705.606,,14.0,2.0,-0.3,,44.5,0.2,0.0,0.0,0.1,780.84375,,,,,0.0,0.7,0.2,0.0,0,chnl,TGC1-t1,TGC1,
410590.3793,7621705.063,,13.0,1.0,-0.4,,44.1,0.24,0.0,0.5,0.0,780.8984375,,,,,0.3,0.0,0.0,0.2,0,chnl,TGC1-t1,TGC1,
410591.2844,7621704.455,,12.0,3.0,-0.4,,45.6,0.23,0.0,0.5,0.0,780.8984375,,,,,0.3,0.0,0.0,0.2,0,vly,TGC1-t1,TGC1,
410592.1348,7621703.807,,11.0,5.0,-0.4,-0.4,,0.26,0.0,0.5,0.0,780.9921875,,,,,0.3,0.0,0.0,0.2,1,vly,TGC1-t1,TGC1,
410592.9174,7621703.248,,10.0,5.0,-0.5,-0.5,44.7,0.24,0.0,0.4,0.0,781.0859375,,,,,0.4,0.0,0.0,0.2,0,vly,TGC1-t1,TGC1,
410593.6859,7621702.61,,9.0,5.0,-0.5,-0.5,,0.31,0.0,0.5,0.0,781.0859375,,,,,0.3,0.0,0.0,0.2,0,vly,TGC1-t1,TGC1,
410594.4618,7621702.056,,8.0,3.0,-0.4,,45.1,0.26,0.0,0.4,0.0,781.21875,,,,,0.4,0.0,0.0,0.2,0,vly,TGC1-t1,TGC1,
410595.1228,7621701.488,,7.0,4.0,-0.5,,50.4,0.43,0.0,0.0,0.0,781.3359375,,,,,0.5,0.0,0.15,0.35,0,vly,TGC1-t1,TGC1,
410595.9158,7621700.976,,6.0,8.0,-0.4,0.7,45.0,0.37,0.0,0.0,0.0,781.5,,,,,0.5,0.0,0.15,0.35,0,vly,TGC1-t1,TGC1,
410596.6604,7621700.552,,5.0,15.0,-0.5,1.4,44.6,0.41,0.0,0.0,0.0,781.5,,,,,0.6,0.0,0.15,0.25,0,it,TGC1-t1,TGC1,
410600.9188,7621697.65,,0.0,8.0,-0.4,1.4,,0.4,0.0,0.1,0.0,782.015625,,,,,0.4,0.0,0.0,0.5,0,it,TGC1-t1,TGC1,
410422.1648,7621524.566,,50.0,6.0,-0.5,0.4,50.7,0.49,0.0,0.3,,790.875,,,,,0.0,0.2,0.0,0.5,0,it,TGC1-t2,TGC1,
410426.5828,7621522.388,,45.0,6.0,-0.6,0.3,,0.34,0.1,0.25,,790.921875,,,,,0.0,0.4,0.0,0.25,1,it,TGC1-t2,TGC1,
410427.4438,7621521.912,,44.0,4.0,-0.4,,,0.28,0.0,0.15,,791.015625,,,,,0.0,0.55,0.0,0.3,1,it,TGC1-t2,TGC1,
410428.1666,7621521.518,,43.0,4.0,-0.4,,,0.29,0.0,0.15,,791.0,,,,,0.0,0.55,0.0,0.3,1,it,TGC1-t2,TGC1,
410429.0873,7621521.06,,42.0,6.0,-0.5,0.3,,0.37,0.15,0.1,,791.0,,,,,0.0,0.45,0.0,0.3,1,it,TGC1-t2,TGC1,
410429.9108,7621520.613,,41.0,9.0,-0.4,2.2,,0.36,0.15,0.1,,791.0859375,,,,,0.0,0.45,0.0,0.3,1,it,TGC1-t2,TGC1,
410430.8133,7621520.155,,40.0,6.0,-0.5,0.1,50.0,0.42,0.4,0.2,,791.0546875,,,,,0.0,0.3,0.1,0.1,0,wt,TGC1-t2,TGC1,
410431.6462,7621519.769,,39.0,10.0,-0.5,1.9,,0.35,0.15,0.1,,791.0546875,,,,,0.0,0.45,0.1,0.3,1,wt,TGC1-t2,TGC1,
410432.486,7621519.429,,38.0,7.0,-0.5,0.5,,0.32,0.0,0.05,,791.015625,,,,,0.0,0.8,0.0,0.15,1,wt,TGC1-t2,TGC1,
410433.4297,7621518.924,,37.0,9.0,-0.5,1.0,,0.29,0.0,0.05,,791.09375,,,,,0.0,0.8,0.0,0.15,1,wt,TGC1-t2,TGC1,
410434.4614,7621518.467,,36.0,7.0,-0.5,1.0,,0.29,0.0,0.05,,791.09375,,,,,0.0,0.8,0.0,0.15,1,wt,TGC1-t2,TGC1,
410435.3636,7621517.975,,35.0,6.0,-0.3,0.5,,0.26,0.0,0.05,,791.0390625,,,,,0.0,0.8,0.0,0.15,1,wt,TGC1-t2,TGC1,
410436.2337,7621517.535,,34.0,9.0,-0.3,2.4,,0.28,0.0,0.05,,791.109375,,,,,0.0,0.8,0.0,0.15,1,wt,TGC1-t2,TGC1,
410437.2762,7621517.091,,33.0,6.0,-0.3,0.6,,0.22,0.0,0.05,,791.046875,,,,,0.0,0.8,0.0,0.15,1,wt,TGC1-t2,TGC1,
410438.3796,7621516.57,,32.0,5.0,-0.4,-0.4,,0.31,0.2,0.15,,791.046875,,,,,0.0,0.15,0.0,0.5,1,wt,TGC1-t2,TGC1,
410439.2533,7621516.183,,31.0,8.0,-0.4,1.4,,0.32,0.2,0.15,,791.109375,,,,,0.0,0.15,0.0,0.5,1,wt,TGC1-t2,TGC1,
410440.0405,7621515.779,,30.0,9.0,-0.4,2.4,,0.26,0.2,0.15,,791.03125,,,,,0.0,0.15,0.0,0.5,1,wt,TGC1-t2,TGC1,
410440.9316,7621515.362,,29.0,8.0,-0.4,1.7,,0.28,0.2,0.15,,791.03125,,,,,0.0,0.15,0.0,0.5,1,wt,TGC1-t2,TGC1,
410441.9822,7621514.889,,28.0,4.0,-0.4,,,0.29,0.2,0.15,,791.0234375,,,,,0.0,0.15,0.0,0.5,1,wt,TGC1-t2,TGC1,
410442.9907,7621514.355,,27.0,9.0,-0.4,2.0,,0.34,0.2,0.15,,791.0234375,,,,,0.0,0.15,0.0,0.5,1,wt,TGC1-t2,TGC1,
410443.9311,7621513.887,,26.0,7.0,-0.4,0.3,,0.35,0.2,0.15,,790.953125,,,,,0.0,0.15,0.0,0.5,1,wt,TGC1-t2,TGC1,
410444.917,7621513.386,,25.0,5.0,-0.5,-0.5,,0.3,0.0,0.1,,791.03125,,,,,0.0,0.6,0.0,0.3,1,wt,TGC1-t2,TGC1,
410445.7835,7621512.985,,24.0,8.0,-0.4,0.8,,0.32,0.0,0.2,,791.03125,,,,,0.0,0.5,0.0,0.3,1,wt,TGC1-t2,TGC1,
410446.5563,7621512.571,,23.0,8.0,-0.5,1.3,,0.26,0.05,0.5,,790.9765625,,,,,0.0,0.3,0.0,0.15,1,wt,TGC1-t2,TGC1,
410447.4929,7621512.111,,22.0,7.0,-0.3,1.0,,0.29,0.0,0.1,,791.0625,,,,,0.0,0.8,0.0,0.1,1,wt,TGC1-t2,TGC1,
410448.4398,7621511.609,,21.0,13.0,-0.5,3.6,,0.34,0.2,0.3,,791.03125,,,,,0.0,0.1,0.0,0.4,1,wt,TGC1-t2,TGC1,
410449.5199,7621511.151,,20.0,11.0,-0.5,1.8,,0.29,0.0,0.05,,791.03125,,,,,0.0,0.7,0.0,0.25,0,wt,TGC1-t2,TGC1,
410450.3115,7621510.745,,19.0,20.0,-0.5,6.4,,0.31,0.0,0.1,,791.125,,,,,0.0,0.7,0.0,0.2,1,wt,TGC1-t2,TGC1,
410451.095,7621510.286,,18.0,21.0,-0.5,6.0,,0.26,0.0,0.1,,791.1171875,,,,,0.0,0.8,0.0,0.1,1,wt,TGC1-t2,TGC1,
410451.9174,7621509.868,,17.0,20.0,-0.5,6.0,,0.3,0.1,0.3,,791.1171875,,,,,0.0,0.5,0.0,0.1,1,wt,TGC1-t2,TGC1,
410452.877,7621509.434,,16.0,26.0,-0.5,6.6,,0.29,0.0,0.1,,791.1171875,,,,,0.0,0.8,0.0,0.1,1,wt,TGC1-t2,TGC1,
410453.6702,7621509.066,,15.0,16.0,-0.4,6.3,,0.29,0.0,0.1,,791.234375,,,,,0.0,0.8,0.0,0.1,1,wt,TGC1-t2,TGC1,
410454.6658,7621508.49,,14.0,14.0,-0.6,3.7,,0.26,0.0,0.1,,791.234375,,,,,0.0,0.8,0.0,0.1,1,wt,TGC1-t2,TGC1,
410455.5211,7621507.989,,13.0,14.0,-0.4,6.1,,0.29,0.0,0.15,,791.265625,,,,,0.0,0.75,0.0,0.1,1,wt,TGC1-t2,TGC1,
410456.3348,7621507.669,,12.0,21.0,-0.5,6.9,,0.28,0.0,0.15,,791.375,,,,,0.0,0.75,0.0,0.1,1,wt,TGC1-t2,TGC1,
410457.2349,7621507.289,,11.0,18.0,-0.4,6.4,,0.26,0.0,0.05,,791.375,,,,,0.0,0.8,0.0,0.05,1,wt,TGC1-t2,TGC1,
410458.1227,7621506.853,,10.0,14.0,-0.4,2.0,,0.23,0.0,,,791.421875,,,,,0.0,0.85,0.0,0.05,1,wt,TGC1-t2,TGC1,
410458.9558,7621506.462,,9.0,7.0,-0.5,0.0,12.9,0.38,0.0,0.4,,791.53125,,,,,0.0,0.1,0.0,0.5,0,wt,TGC1-t2,TGC1,
410459.7927,7621506.028,,8.0,4.0,-0.5,,12.9,0.31,0.0,0.6,,791.5859375,,,,,0.0,0.15,0.0,0.25,0,wt,TGC1-t2,TGC1,
410460.7278,7621505.534,,7.0,3.0,-0.5,,51.9,0.32,0.0,0.2,,791.5859375,,,,,0.2,0.6,0.0,0.0,0,wt,TGC1-t2,TGC1,
410461.6358,7621505.076,,6.0,5.0,-0.4,-0.4,51.2,0.32,0.0,0.2,,791.6953125,,,,,0.2,0.4,0.0,0.2,0,wt,TGC1-t2,TGC1,
410462.6597,7621504.591,,5.0,5.0,-0.4,-0.4,49.9,0.33,0.0,0.2,,791.7578125,,,,,0.2,0.4,0.0,0.2,0,wt,TGC1-t2,TGC1,
410466.9799,7621502.391,,0.0,8.0,-0.5,2.8,49.2,0.47,0.0,0.6,,791.9765625,,,,,0.2,0.0,0.0,0.2,0,it,TGC1-t2,TGC1,
398563.096,7600217.503999999,815.9819999999999,145.0,12.0,-0.5,3.4,,0.34,0.0,0.1,,,,,,,0.8,0.0,0.0,0.1,0,it,TGC3-t1,TGC3,TGC3B
398558.047,7600217.383,815.582,140.0,2.0,-0.3,,,0.44,0.0,0.1,,,,,,,0.5,0.0,0.0,0.4,0,it,TGC3-t1,TGC3,TGC3B
398557.592,7600217.46,815.6789999999999,139.5,3.0,-0.5,,39.2,0.58,0.0,0.1,,,,,,,0.5,0.0,0.0,0.4,0,it,TGC3-t1,TGC3,TGC3B
398557.115,7600217.366999999,815.6069999999999,139.0,17.0,-0.6,1.0,,0.6,0.0,0.0,,,,,,,0.0,0.3,0.2,0.5,1,it,TGC3-t1,TGC3,TGC3B
398556.601,7600217.466,815.4479999999999,138.5,28.0,-0.6,8.8,,0.14,0.0,0.0,,,,,,,0.0,0.0,0.0,0.0,0,chnl,TGC3-t1,TGC3,TGC3B
398555.994,7600217.442,815.4529999999999,138.0,32.0,-0.6,9.9,13.5,0.56,0.0,0.0,,,,,,,0.0,0.3,0.2,0.5,1,chnl,TGC3-t1,TGC3,TGC3B
398555.444,7600217.44,815.807,137.5,30.0,-0.5,3.9,33.9,0.36,0.0,0.0,,,,,,,0.0,0.95,0.0,0.05,0,wt,TGC3-t1,TGC3,TGC3B
398555.008,7600217.383,815.8529999999998,137.0,18.0,-0.5,3.5,51.4,0.34,0.0,0.0,,,,,,,0.0,0.95,0.0,0.05,0,wt,TGC3-t1,TGC3,TGC3B
398554.577,7600217.387,815.8239999999998,136.5,14.0,-0.4,2.5,49.9,0.35,0.0,0.0,,,,,,,0.0,0.9,0.0,0.1,0,wt,TGC3-t1,TGC3,TGC3B
398554.064,7600217.374,815.835,136.0,20.0,-0.5,1.8,46.9,0.45,0.0,0.0,,,,,,,0.0,0.2,0.0,0.8,0,wt,TGC3-t1,TGC3,TGC3B
398549.135,7600217.12,815.74,131.0,,,,,0.26,0.0,0.0,,,,,,,0.0,0.8999999999999999,0.0,0.1,1,wt,TGC3-t1,TGC3,TGC3B
398544.144,7600216.850999999,816.003,126.0,9.0,-0.5,,48.0,0.26,0.0,0.0,,,,,,,0.25,0.6,0.0,0.15,0,wt,TGC3-t1,TGC3,
398534.179,7600216.621,815.94,116.0,7.0,-0.5,,47.9,0.19,0.0,0.0,,,,,,,0.15,0.8500000000000001,0.0,0.0,0,wt,TGC3-t1,TGC3,TGC3B
398529.185,7600216.523,815.826,111.0,,,,40.9,0.41,0.0,0.0,,,,,,,0.0,0.35,0.0,0.65,0,wt,TGC3-t1,TGC3,TGC3B
398524.163,7600216.408,815.8719999999998,106.0,6.0,-0.6,,29.1,0.31,0.0,0.1,,,,,,,0.6000000000000001,0.0,0.0,0.3,0,it,TGC3-t1,TGC3,TGC3B
398514.18,7600216.266,815.7519999999998,96.0,3.0,-0.5,,13.0,0.44,0.2,0.1,,,,,,,0.4,0.0,0.0,0.3,0,it,TGC3-t1,TGC3,TGC3B
398504.161,7600215.803999999,815.672,86.0,2.0,-0.6,,28.8,0.46,0.0,0.4,,,,,,,0.3,0.0,0.0,0.3,0,it,TGC3-t1,TGC3,TGC3B
398494.179,7600215.656999999,815.788,76.0,2.0,-0.4,,24.5,0.35,0.0,0.3,,,,,,,0.4,0.2,0.0,0.1,0,it,TGC3-t1,TGC3,TGC3B
398483.993,7600215.448,815.601,66.0,1.0,0.0,,16.2,0.34,0.0,0.3,,,,,,,0.6,0.0,0.0,0.1,0,it,TGC3-t1,TGC3,TGC3B
398474.087,7600215.425,815.594,56.0,1.0,-0.4,,6.1,0.32,0.0,0.8,,,,,,,0.15,0.0,0.0,0.05,0,it,TGC3-t1,TGC3,TGC3B
398464.116,7600215.306,815.4199999999998,46.0,1.0,-0.4,,29.3,0.36,0.0,0.3,,,,,,,0.2,0.0,0.0,0.5,0,it,TGC3-t1,TGC3,TGC3B
398454.064,7600214.866999999,815.017,36.0,3.0,-0.5,,32.4,0.27,0.0,0.1,,,,,,,0.7,0.0,0.0,0.2,0,it,TGC3-t1,TGC3,TGC3B
398443.953,7600214.501,814.798,26.0,4.0,-0.5,,8.1,0.36,0.0,0.0,,,,,,,0.6,0.0,0.0,0.4,0,it,TGC3-t1,TGC3,TGC3B
398439.042,7600214.309999999,814.609,21.0,,,,12.3,0.37,0.0,0.3,,,,,,,0.4,0.0,0.0,0.3,0,it,TGC3-t1,TGC3,TGC3B
398434.108,7600213.912999999,814.462,16.0,5.0,-0.1,,49.3,0.4,0.0,0.2,,,,,,,0.6,0.0,0.0,0.2,0,it,TGC3-t1,TGC3,TGC3B
398433.494,7600214.022,814.456,15.5,5.0,-0.2,,,,,,,,,,,,,,,,0,it,TGC3-t1,TGC3,TGC3B
398433.049,7600214.031999999,814.452,15.0,7.0,0.0,,,,,,,,,,,,,,,,0,it,TGC3-t1,TGC3,TGC3B
398432.559,7600214.065999999,814.414,14.5,12.0,-0.4,,,,,,,,,,,,,,,,0,it,TGC3-t1,TGC3,TGC3B
398432.07,7600214.077999999,814.315,14.0,8.0,-0.4,,,,,,,,,,,,,,,,0,it,TGC3-t1,TGC3,
398431.567,7600214.100999999,814.221,13.5,6.0,-0.3,,,,,,,,,,,,,,,,0,it,TGC3-t1,TGC3,
398431.115,7600214.156999999,814.249,13.0,4.0,-0.4,,,,,,,,,,,,,,,,0,it,TGC3-t1,TGC3,TGC3B
398430.593,7600214.141,814.325,12.5,3.0,-0.2,,20.1,0.36,0.0,0.0,,,,,,,0.75,0.0,0.0,0.25,0,it,TGC3-t1,TGC3,TGC3B
398430.048,7600214.125,814.2369999999999,12.0,4.0,-0.3,,32.4,0.44,0.0,0.2,,,,,,,0.3,0.0,0.0,0.5,0,it,TGC3-t1,TGC3,TGC3B
398429.625,7600214.142,814.24,11.5,2.0,-0.6,,6.2,0.35,0.1,0.0,,,,,,,0.5,0.0,0.0,0.4,0,it,TGC3-t1,TGC3,TGC3B
398428.143,7600214.37,813.538,10.5,23.0,-0.1,4.3,,0.31,0.0,0.0,,,,,,,0.15,0.7,0.15,0.0,1,chnl,TGC3-t1,TGC3,TGC3A
398427.61,7600214.576,813.791,10.0,24.0,-0.4,6.1,48.3,0.44,0.0,0.0,,,,,,,0.9,0.0,0.0,0.1,0,wt,TGC3-t1,TGC3,TGC3A
398427.15,7600214.713999999,813.743,9.5,18.0,-0.4,3.4,,0.43,0.0,0.0,,,,,,,0.2,0.1,0.4,0.3,0,wt,TGC3-t1,TGC3,TGC3A
398426.729,7600214.974999999,813.716,9.0,21.0,-0.4,4.4,49.4,0.56,0.0,0.0,,,,,,,0.5,0.0,0.2,0.3,0,wt,TGC3-t1,TGC3,TGC3A
398426.179,7600214.949,813.7759999999998,8.5,9.0,-0.4,1.4,,0.51,0.0,0.0,,,,,,,0.5,0.0,0.2,0.3,0,wt,TGC3-t1,TGC3,TGC3A
398425.622,7600215.128999999,813.7799999999999,8.0,23.0,-0.5,3.6,38.2,0.48,0.05,0.0,,,,,,,0.6000000000000001,0.0,0.1,0.25,0,wt,TGC3-t1,TGC3,TGC3A
398424.753,7600215.096,813.932,7.5,20.0,-0.5,3.0,30.5,0.57,0.0,0.0,,,,,,,0.1,0.0,0.0,0.9,0,wt,TGC3-t1,TGC3,TGC3A
398424.288,7600215.150999999,814.1739999999999,7.0,18.0,-0.3,6.0,31.1,0.39,0.0,0.0,,,,,,,0.9,0.0,0.05,0.05,0,wt,TGC3-t1,TGC3,TGC3A
398423.747,7600215.158,814.082,6.5,24.0,-0.4,4.6,17.5,0.46,0.05,0.2,,,,,,,0.4,0.05,0.15,0.15,0,wt,TGC3-t1,TGC3,TGC3A
398423.283,7600215.102,814.039,6.0,19.0,-0.2,3.0,46.0,0.44,0.05,0.0,,,,,,,0.7,0.0,0.05,0.2,0,wt,TGC3-t1,TGC3,TGC3A
398422.761,7600215.161999999,814.113,5.5,19.0,-0.3,6.7,48.9,0.46,0.1,0.0,,,,,,,0.7,0.0,0.0,0.2,0,wt,TGC3-t1,TGC3,TGC3A
398422.352,7600215.185999999,813.9969999999998,5.0,18.0,-0.1,4.0,48.9,0.5,0.0,0.0,,,,,,,0.6000000000000001,0.0,0.1,0.3,1,wt,TGC3-t1,TGC3,
398417.077,7600215.463,813.957,0.0,6.0,-0.4,,31.7,0.36,0.05,0.0,,,,,,,0.7,0.0,0.0,0.25,0,it,TGC3-t1,TGC3,TGC3A
398477.737,7600331.183,822.938,92.0,4.0,-0.2,,,,,0.0,,,,,,,,,,,0,it,TGC3-t2,TGC3,TGC3A
398478.196,7600330.91,822.947,91.5,2.0,-0.3,,45.9,0.45,0.0,0.0,0.0,,,,,,0.5,0.0,0.0,0.5,0,it,TGC3-t2,TGC3,TGC3A
398478.651,7600330.705,822.855,91.0,4.0,-0.3,,,,,0.0,,,,,,,,,,,0,it,TGC3-t2,TGC3,TGC3A
398479.065,7600330.471,822.744,90.5,2.0,-0.6,,,,,0.0,,,,,,,,,,,0,it,TGC3-t2,TGC3,TGC3A
398479.498,7600330.201999999,822.565,90.0,4.0,-0.6,,39.7,0.42,0.0,0.3,0.0,,,,,,0.0,0.1,0.0,0.6,0,it,TGC3-t2,TGC3,TGC3A
398479.959,7600330.074,822.499,89.5,5.0,-0.5,,,,,0.0,,,,,,,,,,,0,it,TGC3-t2,TGC3,TGC3A
398480.4,7600329.906999999,822.471,89.0,4.0,-0.5,,37.9,0.59,0.0,0.3,0.0,,,,,,0.0,0.1,0.0,0.6,0,it,TGC3-t2,TGC3,TGC3A
398480.841,7600329.655,822.216,88.5,2.0,-0.4,,44.2,0.53,0.05,0.25,0.0,,,,,,0.0,0.1,0.0,0.6,0,it,TGC3-t2,TGC3,TGC3A
398481.342,7600329.4,822.25,88.0,3.0,-0.6,,,0.55,0.0,0.3,0.0,,,,,,0.0,0.1,0.0,0.6,0,it,TGC3-t2,TGC3,TGC3A
398481.78,7600329.172,822.489,87.5,3.0,-0.5,,46.6,0.45,0.0,0.3,0.0,,,,,,0.0,0.1,0.0,0.6,0,it,TGC3-t2,TGC3,TGC3A
398482.235,7600329.006,822.647,87.0,7.0,-0.4,,47.7,0.5,0.0,0.5,0.0,,,,,,0.0,0.1,0.0,0.4,0,it,TGC3-t2,TGC3,TGC3A
398482.713,7600328.798999999,822.576,86.5,29.0,-0.6,5.1,16.0,0.37,0.0,0.05,0.0,,,,,,0.0,0.8,0.0,0.15,0,it,TGC3-t2,TGC3,TGC3A
398483.148,7600328.571999999,822.389,86.0,6.0,-0.6,,39.7,0.41,0.0,0.8,0.0,,,,,,0.0,0.2,0.0,0.0,0,it,TGC3-t2,TGC3,TGC3A
398483.565,7600328.372,822.1749999999998,85.5,2.0,-0.4,,50.1,0.33,0.0,0.9,0.0,,,,,,0.0,0.1,0.0,0.0,0,it,TGC3-t2,TGC3,TGC3A
398484.035,7600328.155,822.092,85.0,5.0,-0.4,,25.2,0.47,0.0,0.0,0.0,,,,,,0.9,0.0,0.0,0.1,0,it,TGC3-t2,TGC3,TGC3A
398484.492,7600328.022,822.01,84.5,32.0,-0.5,2.7,37.3,0.48,0.0,0.0,0.0,,,,,,0.9,0.0,0.0,0.1,0,gly,TGC3-t2,TGC3,TGC3A
398484.96,7600327.702999999,821.774,84.0,23.0,-0.6,7.0,,,,0.0,,,,,,,,,,,0,chnl,TGC3-t2,TGC3,
398485.415,7600327.508,821.817,83.5,26.0,-0.7,3.9,,,,0.0,,,,,,,,,,,0,chnl,TGC3-t2,TGC3,TGC3A
398485.903,7600327.325,821.74,83.0,19.0,-0.5,4.0,,,,0.0,,,,,,,,,,,0,chnl,TGC3-t2,TGC3,TGC3A
398486.377,7600327.087,821.821,82.5,21.0,-0.6,5.1,,,,0.0,,,,,,,,,,,0,chnl,TGC3-t2,TGC3,TGC3A
398486.825,7600326.867999999,822.234,82.0,4.0,-0.5,,31.2,0.31,0.0,0.2,0.0,,,,,,0.3,0.0,0.0,0.5,0,gly,TGC3-t2,TGC3,
398487.286,7600326.728,822.441,81.5,8.0,-0.6,,44.4,0.4,0.0,0.3,0.0,,,,,,0.3,0.0,0.0,0.4,0,gly,TGC3-t2,TGC3,TGC3A
398487.635,7600326.475999999,822.5,81.0,4.0,-0.4,,48.7,0.38,0.0,0.2,0.0,,,,,,0.3,0.0,0.0,0.5,0,gly,TGC3-t2,TGC3,
398488.101,7600326.235,822.5159999999998,80.5,3.0,-0.6,,41.8,0.43,0.0,0.3,0.0,,,,,,0.3,0.0,0.0,0.4,0,gly,TGC3-t2,TGC3,TGC3A
398488.566,7600326.139999999,822.908,80.0,11.0,-0.6,1.7,34.3,0.38,0.0,0.0,0.0,,,,,,0.9,0.0,0.1,0.0,0,gly,TGC3-t2,TGC3,TGC3A
398488.953,7600325.883999999,822.746,79.5,11.0,-0.6,0.9,49.5,0.38,0.0,0.2,0.4,,,,,,0.4,0.0,0.0,0.0,0,gly,TGC3-t2,TGC3,TGC3A
398489.457,7600325.73,823.403,79.0,18.0,-0.7,2.4,29.3,0.34,0.0,0.15,0.0,,,,,,0.4,0.0,0.0,0.4499999999999999,0,gly,TGC3-t2,TGC3,TGC3A
398489.899,7600325.542999999,823.3139999999999,78.5,3.0,-0.5,,,,,0.0,,,,,,,,,,,0,it,TGC3-t2,TGC3,TGC3A
398490.343,7600325.355,823.403,78.0,3.0,-0.6,,,,,0.0,,,,,,,,,,,0,it,TGC3-t2,TGC3,TGC3A
398490.757,7600325.155,823.3579999999998,77.5,9.0,-0.5,,,,,0.0,,,,,,,,,,,0,it,TGC3-t2,TGC3,TGC3A
398491.236,7600324.938,823.365,77.0,3.0,-0.4,,,,,0.0,,,,,,,,,,,0,it,TGC3-t2,TGC3,TGC3A
398493.988,7600323.724,823.347,74.0,2.0,-0.4,,26.1,0.4,0.0,0.1,0.0,,,,,,0.5,0.0,0.0,0.4,0,it,TGC3-t2,TGC3,TGC3A
398498.608,7600321.707,823.4729999999998,69.0,1.0,-0.5,,13.5,0.41,0.0,0.0,0.0,,,,,,0.6000000000000001,0.0,0.0,0.4,0,it,TGC3-t2,TGC3,TGC3A
398503.164,7600319.911,823.432,64.0,3.0,-0.4,,46.2,0.46,0.0,0.0,0.0,,,,,,0.6000000000000001,0.0,0.0,0.4,0,it,TGC3-t2,TGC3,TGC3A
398507.794,7600318.001,823.35,59.0,1.0,-0.4,,11.6,0.37,0.0,0.0,0.0,,,,,,0.0,0.5,0.0,0.5,0,it,TGC3-t2,TGC3,TGC3A
398512.419,7600316.116999999,823.254,54.0,6.0,-0.5,,15.2,0.51,0.05,0.1,0.0,,,,,,0.15,0.3,0.0,0.4,0,it,TGC3-t2,TGC3,TGC3A
398517.044,7600314.247999999,823.071,49.0,1.0,-0.4,,15.4,0.45,0.05,0.1,0.0,,,,,,0.15,0.3,0.0,0.4,0,it,TGC3-t2,TGC3,TGC3A
398521.667,7600312.399,822.908,44.0,2.0,-0.4,,8.3,0.42,0.0,0.15,0.0,,,,,,0.15,0.3,0.0,0.4,0,it,TGC3-t2,TGC3,TGC3A
398526.336,7600310.502,822.721,39.0,1.0,-0.4,,1.9,0.38,0.0,0.0,0.0,,,,,,0.0,0.5,0.0,0.5,0,it,TGC3-t2,TGC3,TGC3A
398530.99,7600308.722,822.466,34.0,16.0,-0.4,2.6,,0.28,0.0,0.0,0.0,,,,,,0.0,0.85,0.0,0.15,1,chnl,TGC3-t2,TGC3,TGC3A
398535.694,7600307.071,822.462,29.0,9.0,-0.6,,38.1,0.68,0.0,0.05,0.0,,,,,,0.0,0.05,0.0,0.9,0,it,TGC3-t2,TGC3,TGC3A
398540.35,7600305.381,822.3039999999999,24.0,3.0,-0.4,,,,,0.0,,,,,,,,,,,0,it,TGC3-t2,TGC3,TGC3A
398540.877,7600305.259999999,822.389,23.5,1.0,-0.5,,,,,0.0,,,,,,,,,,,0,it,TGC3-t2,TGC3,
398541.326,7600305.119,822.34,23.0,2.0,-0.5,,13.4,0.62,0.0,0.05,0.0,,,,,,0.0,0.05,0.0,0.9,0,it,TGC3-t2,TGC3,TGC3A
398541.813,7600304.974,822.325,22.5,6.0,-0.6,,20.1,0.67,0.0,0.05,0.0,,,,,,0.0,0.05,0.0,0.9,0,it,TGC3-t2,TGC3,TGC3A
398542.244,7600304.792999999,822.1939999999998,22.0,2.0,-0.6,,20.0,0.69,0.0,0.05,0.0,,,,,,0.0,0.05,0.0,0.9,0,it,TGC3-t2,TGC3,TGC3A
398542.765,7600304.613,821.999,21.5,1.0,-0.5,,19.8,0.67,0.0,0.05,0.0,,,,,,0.0,0.05,0.0,0.9,0,it,TGC3-t2,TGC3,TGC3A
398543.182,7600304.457,821.943,21.0,3.0,-0.4,,23.2,0.7,0.0,0.05,0.0,,,,,,0.0,0.05,0.0,0.9,0,it,TGC3-t2,TGC3,TGC3A
398543.582,7600304.318,821.846,20.5,6.0,-0.5,,22.5,0.66,0.0,0.05,0.0,,,,,,0.0,0.05,0.0,0.9,0,it,TGC3-t2,TGC3,TGC3A
398544.106,7600304.204,821.566,20.0,9.0,-0.6,,30.2,0.71,0.0,0.05,0.0,,,,,,0.0,0.05,0.0,0.9,0,wt,TGC3-t2,TGC3,TGC3B
398544.583,7600303.978,821.581,19.5,13.0,-0.6,2.4,6.5,0.65,0.0,0.05,0.0,,,,,,0.0,0.05,0.0,0.9,0,wt,TGC3-t2,TGC3,TGC3B
398544.99,7600303.923999999,821.5209999999998,19.0,12.0,-0.5,1.3,48.8,0.18,0.0,0.0,0.0,,,,,,0.0,0.95,0.0,0.05,0,wt,TGC3-t2,TGC3,TGC3B
398545.473,7600303.681,821.4439999999998,18.5,11.0,-0.5,0.7,,0.15,0.0,0.0,0.0,,,,,,0.0,0.95,0.0,0.05,1,wt,TGC3-t2,TGC3,TGC3B
398545.907,7600303.502999999,821.422,18.0,9.0,-0.5,,,0.21,0.0,0.0,0.0,,,,,,0.0,0.95,0.0,0.05,1,wt,TGC3-t2,TGC3,TGC3B
398546.478,7600303.377999999,821.318,17.5,7.0,-0.5,,,0.22,0.0,0.0,0.0,,,,,,0.0,0.95,0.0,0.05,1,wt,TGC3-t2,TGC3,TGC3B
398547.018,7600303.251,821.244,17.0,5.0,-0.6,,,0.23,0.0,0.0,0.0,,,,,,0.0,0.95,0.0,0.05,1,wt,TGC3-t2,TGC3,TGC3B
398547.525,7600303.07,821.311,16.5,1.0,-0.5,,,0.21,0.0,0.0,0.0,,,,,,0.0,0.95,0.0,0.05,1,it,TGC3-t2,TGC3,TGC3B
398547.94,7600302.881,821.503,16.0,2.0,-0.3,,,0.23,0.0,0.0,0.0,,,,,,0.0,0.95,0.0,0.05,1,it,TGC3-t2,TGC3,TGC3B
398548.397,7600302.701999999,821.4729999999998,15.5,2.0,-0.5,,,0.45,0.0,0.0,0.0,,,,,,0.0,0.85,0.0,0.15,1,it,TGC3-t2,TGC3,TGC3B
398548.866,7600302.537999999,821.577,15.0,3.0,-0.4,,20.0,0.42,0.0,0.0,0.0,,,,,,0.0,0.75,0.0,0.25,0,it,TGC3-t2,TGC3,TGC3B
398549.36,7600302.4,821.5689999999998,14.5,4.0,-0.5,,,,,0.0,,,,,,,,,,,0,it,TGC3-t2,TGC3,TGC3B
398549.833,7600302.281,821.586,14.0,9.0,-0.4,,4.2,0.56,0.0,0.3,0.1,,,,,,0.0,0.2,0.0,0.4,0,it,TGC3-t2,TGC3,TGC3B
398550.338,7600302.131,821.563,13.5,2.0,-0.3,,,,,0.0,,,,,,,,,,,0,it,TGC3-t2,TGC3,TGC3B
398550.778,7600301.922,821.832,13.0,7.0,-0.5,,36.1,0.49,0.0,0.3,0.1,,,,,,0.0,0.2,0.0,0.4,0,it,TGC3-t2,TGC3,TGC3B
398551.233,7600301.804999999,821.721,12.5,3.0,-0.1,,,,,0.0,,,,,,,,,,,0,it,TGC3-t2,TGC3,TGC3B
398551.782,7600301.579,821.842,12.0,5.0,-0.6,,36.1,0.53,0.0,0.4,0.1,,,,,,0.0,0.0,0.0,0.5,0,it,TGC3-t2,TGC3,TGC3B
398552.213,7600301.49,822.0449999999998,11.5,8.0,-0.6,,,,,0.0,,,,,,,,,,,0,it,TGC3-t2,TGC3,TGC3B
398552.694,7600301.301,822.072,11.0,13.0,-0.7,2.4,6.4,0.6,0.0,0.4,0.1,,,,,,0.0,0.0,0.0,0.5,0,it,TGC3-t2,TGC3,TGC3B
398553.624,7600301.043999999,822.119,10.0,12.0,-0.9,0.7,19.4,0.62,0.0,0.4,0.1,,,,,,0.0,0.0,0.0,0.5,0,it,TGC3-t2,TGC3,
398554.569,7600300.706,822.1219999999998,9.0,4.0,-0.3,,11.8,0.6,0.0,0.4,0.1,,,,,,0.0,0.0,0.0,0.5,0,it,TGC3-t2,TGC3,TGC3B
398555.496,7600300.463,822.1549999999999,8.0,8.0,-0.4,,6.9,0.41,0.0,0.9,0.05,,,,,,0.0,0.0,0.0,0.05,0,it,TGC3-t2,TGC3,TGC3B
398556.428,7600300.052,822.019,7.0,4.0,-0.6,,24.6,0.55,0.0,0.15,0.0,,,,,,0.05,0.2,0.0,0.6,0,it,TGC3-t2,TGC3,TGC3B
398557.312,7600299.73,822.047,6.0,7.0,-0.5,,39.7,0.44,0.0,0.3,0.0,,,,,,0.0,0.4,0.0,0.3,0,it,TGC3-t2,TGC3,TGC3B
398558.372,7600299.443,822.032,5.0,12.0,-0.6,-0.2,28.9,0.36,0.0,0.1,0.0,,,,,,0.0,0.8,0.0,0.1,0,it,TGC3-t2,TGC3,TGC3B
398559.265,7600299.065,821.893,4.0,7.0,-0.5,,50.3,0.47,0.0,0.0,0.0,,,,,,0.8999999999999999,0.0,0.0,0.1,0,it,TGC3-t2,TGC3,TGC3B
398560.218,7600298.734,821.98,3.0,9.0,-0.5,,,0.48,0.0,0.0,0.0,,,,,,0.8999999999999999,0.0,0.0,0.1,0,it,TGC3-t2,TGC3,TGC3B
398561.15,7600298.401999999,821.937,2.0,8.0,-0.6,,52.0,0.42,0.0,0.0,0.0,,,,,,0.8999999999999999,0.0,0.0,0.1,0,it,TGC3-t2,TGC3,
398562.095,7600298.093999999,821.9389999999999,1.0,7.0,-0.6,,,0.52,0.0,0.3,0.1,,,,,,0.2,0.0,0.0,0.4,0,it,TGC3-t2,TGC3,TGC3B
398563.061,7600297.747999999,822.0589999999999,0.0,8.0,-0.5,,,0.45,0.0,0.2,0.2,,,,,,0.2,0.0,0.0,0.4,0,it,TGC3-t2,TGC3,TGC3B
398492.166,7600324.553,823.379,76.0,,,,,,,,,,,,,,,,,,0,,TGC3-t2,TGC3,TGC3A
398493.1,7600324.149,823.3719999999998,75.0,,,,,,,,,,,,,,,,,,0,,TGC3-t2,TGC3,TGC3A
398494.914,7600323.333999998,823.341,73.0,,,,,,,,,,,,,,,,,,0,,TGC3-t2,TGC3,TGC3A
398495.829,7600322.935999999,823.4779999999998,72.0,,,,,,,,,,,,,,,,,,0,,TGC3-t2,TGC3,
398496.758,7600322.633,823.2619999999998,71.0,,,,,,,,,,,,,,,,,,0,,TGC3-t2,TGC3,TGC3A
398497.675,7600322.134999999,823.3859999999999,70.0,,,,,,,,,,,,,,,,,,0,,TGC3-t2,TGC3,
398499.455,7600321.389999999,823.369,68.0,,,,,,,,,,,,,,,,,,0,,TGC3-t2,TGC3,TGC3A
398500.447,7600320.986999999,823.3619999999999,67.0,,,,,,,,,,,,,,,,,,0,,TGC3-t2,TGC3,
398501.31,7600320.666,823.345,66.0,,,,,,,,,,,,,,,,,,0,,TGC3-t2,TGC3,TGC3A
398502.282,7600320.29,823.514,65.0,,,,,,,,,,,,,,,,,,0,,TGC3-t2,TGC3,TGC3A
398504.153,7600319.551,823.23,63.0,,,,,,,,,,,,,,,,,,0,,TGC3-t2,TGC3,TGC3A
398505.085,7600319.208999998,823.347,62.0,,,,,,,,,,,,,,,,,,0,,TGC3-t2,TGC3,TGC3A
398505.96,7600318.751,823.3859999999999,61.0,,,,,,,,,,,,,,,,,,0,,TGC3-t2,TGC3,TGC3A
398506.868,7600318.349,823.4059999999998,60.0,,,,,,,,,,,,,,,,,,0,,TGC3-t2,TGC3,TGC3A
398508.722,7600317.644999999,823.2849999999999,58.0,,,,,,,,,,,,,,,,,,0,,TGC3-t2,TGC3,TGC3A
398509.657,7600317.219999999,823.23,57.0,,,,,,,,,,,,,,,,,,0,,TGC3-t2,TGC3,
398510.569,7600316.889,823.4339999999999,56.0,,,,,,,,,,,,,,,,,,0,,TGC3-t2,TGC3,TGC3A
398511.504,7600316.516,823.2609999999999,55.0,,,,,,,,,,,,,,,,,,0,,TGC3-t2,TGC3,TGC3A
398513.339,7600315.736999999,823.2079999999999,53.0,,,,,,,,,,,,,,,,,,0,,TGC3-t2,TGC3,
398514.275,7600315.361999999,823.097,52.0,,,,,,,,,,,,,,,,,,0,,TGC3-t2,TGC3,
398515.201,7600315.0,823.248,51.0,,,,,,,,,,,,,,,,,,0,,TGC3-t2,TGC3,TGC3A
398516.119,7600314.611999999,823.121,50.0,,,,,,,,,,,,,,,,,,0,,TGC3-t2,TGC3,
398546.158,7600365.684,826.7229999999998,50.0,1.0,-0.5,,,,,,,,,,,,,,,,0,it,TGC3-t3,TGC3,TGC3-t3
398545.184,7600366.009999999,826.669,49.0,2.0,-0.4,,15.2,0.51,0.0,0.0,0.0,,,,,,0.0,0.2,0.0,0.8,0,it,TGC3-t3,TGC3,TGC3-t3
398544.245,7600366.394,826.648,48.0,1.0,-0.4,,24.9,0.42,0.0,0.0,0.0,,,,,,0.0,0.2,0.0,0.8,0,it,TGC3-t3,TGC3,TGC3-t3
398543.375,7600366.749,826.621,47.0,1.0,-0.6,,12.5,0.48,0.0,0.0,0.0,,,,,,0.0,0.2,0.0,0.8,0,it,TGC3-t3,TGC3,TGC3-t3
398542.391,7600367.159,826.586,46.0,1.0,-0.4,,34.9,0.47,0.0,0.0,0.0,,,,,,0.0,0.2,0.0,0.8,0,it,TGC3-t3,TGC3,TGC3-t3
398541.51,7600367.574,826.552,45.0,2.0,-0.4,,33.7,0.46,0.0,0.0,0.0,,,,,,0.0,0.2,0.0,0.8,0,it,TGC3-t3,TGC3,TGC3-t3
398540.597,7600367.935999999,826.4199999999998,44.0,1.0,-0.6,,27.1,0.47,0.0,0.0,0.0,,,,,,0.0,0.2,0.0,0.8,0,it,TGC3-t3,TGC3,TGC3-t3
398539.688,7600368.307,826.265,43.0,4.0,-0.4,,3.3,0.49,0.0,0.0,0.0,,,,,,0.0,0.2,0.0,0.8,0,it,TGC3-t3,TGC3,TGC3-t3
398538.81,7600368.759999999,825.9819999999999,42.0,5.0,-0.4,,12.3,0.45,0.0,0.0,0.0,,,,,,0.0,0.7,0.1,0.2,0,wt,TGC3-t3,TGC3,TGC3-t3
398537.841,7600369.082999999,826.062,41.0,12.0,-0.6,,,0.2,0.0,0.0,0.0,,,,,,0.0,0.7999999999999999,0.1,0.1,1,wt,TGC3-t3,TGC3,TGC3-t3
398536.89,7600369.463,826.0639999999999,40.0,6.0,-0.5,1.9,,0.21,0.0,0.0,0.0,,,,,,0.0,0.7999999999999999,0.1,0.1,1,wt,TGC3-t3,TGC3,TGC3-t3
398535.981,7600369.872,826.2129999999999,39.0,14.0,-0.4,2.3,,0.2,0.0,0.0,0.0,,,,,,0.0,0.7999999999999999,0.1,0.1,1,wt,TGC3-t3,TGC3,TGC3-t3
398535.144,7600370.208999998,826.26,38.0,14.0,-0.6,1.5,51.8,0.2,0.0,0.0,0.0,,,,,,0.0,0.7999999999999999,0.1,0.1,0,wt,TGC3-t3,TGC3,TGC3-t3
398534.123,7600370.608,826.231,37.0,15.0,-0.5,1.6,,0.19,0.0,0.0,0.0,,,,,,0.0,0.7999999999999999,0.1,0.1,1,wt,TGC3-t3,TGC3,TGC3-t3
398533.211,7600371.006,826.288,36.0,12.0,-0.4,0.8,,0.17,0.0,0.0,0.0,,,,,,0.0,0.7999999999999999,0.1,0.1,1,wt,TGC3-t3,TGC3,TGC3-t3
398532.309,7600371.369,826.354,35.0,12.0,-0.6,1.6,,0.16,0.0,0.0,0.0,,,,,,0.0,0.7999999999999999,0.1,0.1,1,wt,TGC3-t3,TGC3,TGC3-t3
398531.343,7600371.749,826.33,34.0,7.0,-0.6,,,0.18,0.0,0.0,0.0,,,,,,0.0,0.7999999999999999,0.1,0.1,1,wt,TGC3-t3,TGC3,TGC3-t3
398530.45,7600372.147,826.2659999999998,33.0,9.0,-0.5,,,0.18,0.0,0.0,0.0,,,,,,0.0,0.7999999999999999,0.1,0.1,1,wt,TGC3-t3,TGC3,TGC3-t3
398529.558,7600372.502999999,826.258,32.0,8.0,-0.5,,,0.21,0.0,0.0,0.0,,,,,,0.0,0.7999999999999999,0.1,0.1,1,wt,TGC3-t3,TGC3,TGC3-t3
398528.68,7600372.934,826.2569999999998,31.0,9.0,-0.5,,,0.19,0.0,0.0,0.0,,,,,,0.0,0.7999999999999999,0.1,0.1,1,wt,TGC3-t3,TGC3,TGC3-t3
398527.67,7600373.21,826.283,30.0,12.0,-0.5,0.3,,0.28,0.0,0.0,0.0,,,,,,0.0,0.7999999999999999,0.1,0.1,1,wt,TGC3-t3,TGC3,TGC3-t3
398526.741,7600373.587,826.297,29.0,9.0,-0.6,,,0.2,0.0,0.0,0.0,,,,,,0.0,0.7999999999999999,0.1,0.1,1,wt,TGC3-t3,TGC3,TGC3-t3
398525.829,7600373.928999999,826.33,28.0,6.0,-0.5,,,0.25,0.0,0.0,0.0,,,,,,0.0,0.7999999999999999,0.1,0.1,1,wt,TGC3-t3,TGC3,TGC3-t3
398524.878,7600374.303999999,826.547,27.0,3.0,-0.4,,,0.52,0.0,0.0,0.0,,,,,,0.0,0.7999999999999999,0.1,0.1,1,it,TGC3-t3,TGC3,TGC3-t3
398523.969,7600374.650999999,826.652,26.0,2.0,-0.5,,40.9,0.57,0.0,0.6,0.0,,,,,,0.0,0.1,0.0,0.3,0,it,TGC3-t3,TGC3,TGC3-t3
398523.01,7600375.026999999,826.565,25.0,2.0,-0.4,,35.4,0.34,0.0,0.05,0.0,,,,,,0.3,0.3,0.2,0.15,0,it,TGC3-t3,TGC3,TGC3-t3
398522.079,7600375.425,826.45,24.0,11.0,-0.5,1.5,14.1,0.39,0.0,0.05,0.0,,,,,,0.3,0.3,0.2,0.15,0,it,TGC3-t3,TGC3,TGC3-t3
398521.18,7600375.784,826.547,23.0,11.0,-0.6,1.2,,0.36,0.0,0.0,0.0,,,,,,0.3,0.3,0.2,0.2,0,it,TGC3-t3,TGC3,TGC3-t3
398520.249,7600376.156,826.5259999999998,22.0,11.0,-0.6,2.3,,0.41,0.0,0.0,0.0,,,,,,0.3,0.3,0.2,0.2,0,it,TGC3-t3,TGC3,TGC3-t3
398519.298,7600376.535,826.522,21.0,16.0,-0.6,2.6,46.3,0.29,0.0,0.0,0.0,,,,,,0.3,0.3,0.2,0.2,0,it,TGC3-t3,TGC3,TGC3-t3
398518.388,7600376.9,826.48,20.0,13.0,-0.6,1.6,,0.28,0.0,0.0,0.0,,,,,,0.3,0.3,0.2,0.2,0,it,TGC3-t3,TGC3,TGC3-t3
398517.481,7600377.309,826.51,19.0,11.0,-0.5,-0.6,,0.24,0.0,0.0,0.0,,,,,,0.3,0.3,0.2,0.2,0,it,TGC3-t3,TGC3,TGC3-t3
398516.584,7600377.668999999,826.423,18.0,14.0,-0.6,3.2,45.1,0.23,0.0,0.0,0.0,,,,,,0.3,0.3,0.2,0.2,0,it,TGC3-t3,TGC3,TGC3-t3
398515.702,7600378.088,826.2809999999998,17.0,19.0,-0.5,2.2,48.2,0.28,0.0,0.0,0.0,,,,,,0.3,0.3,0.2,0.2,0,it,TGC3-t3,TGC3,TGC3-t3
398515.219,7600378.274,826.028,16.5,18.0,-0.6,2.0,,,,,,,,,,,,,,,0,gly,TGC3-t3,TGC3,TGC3-t3
398514.734,7600378.456,825.534,16.0,13.0,-0.6,3.1,34.4,0.48,0.0,0.0,0.0,,,,,,0.0,0.2,0.0,0.8,0,gly,TGC3-t3,TGC3,TGC3-t3
398514.293,7600378.666,825.234,15.5,20.0,-0.6,3.5,45.6,0.48,0.0,0.0,0.0,,,,,,0.0,0.5,0.0,0.5,0,gly,TGC3-t3,TGC3,TGC3-t3
398513.85,7600378.917,825.197,15.0,36.0,-0.6,7.6,,0.19,0.0,0.0,1.0,,,,,,0.0,0.0,0.0,0.0,1,gly,TGC3-t3,TGC3,TGC3-t3
398513.252,7600379.121,825.354,14.5,16.0,-0.6,4.6,,0.15,0.0,0.0,1.0,,,,,,0.0,0.0,0.0,0.0,1,gly,TGC3-t3,TGC3,TGC3-t3
398512.938,7600379.403,825.1799999999998,14.0,34.0,-0.6,1.6,11.4,0.36,0.0,0.0,0.0,,,,,,0.0,0.5,0.0,0.5,0,chnl,TGC3-t3,TGC3,TGC3-t3
398512.346,7600379.529,825.273,13.5,27.0,-0.5,5.7,48.2,0.4,0.0,0.0,0.0,,,,,,0.0,0.5,0.0,0.5,0,gly,TGC3-t3,TGC3,TGC3-t3
398511.937,7600379.718,825.288,13.0,24.0,-0.5,4.4,50.7,0.2,0.0,0.0,1.0,,,,,,0.0,0.0,0.0,0.0,0,gly,TGC3-t3,TGC3,TGC3-t3
398511.382,7600379.759999999,825.395,12.5,25.0,-0.7,6.4,41.6,0.21,0.0,0.1,0.9,,,,,,0.0,0.0,0.0,0.0,0,gly,TGC3-t3,TGC3,TGC3-t3
398510.906,7600380.037999999,826.044,12.0,19.0,-0.6,2.7,47.2,0.08,0.0,0.0,1.0,,,,,,0.0,0.0,0.0,0.0,0,gly,TGC3-t3,TGC3,TGC3-t3
398510.467,7600380.201999999,826.277,11.5,9.0,-0.6,2.1,46.9,0.3,0.05,0.1,0.1,,,,,,0.0,0.6,0.0,0.15,0,gly,TGC3-t3,TGC3,TGC3-t3
398510.056,7600380.483,826.191,11.0,16.0,-0.6,3.9,34.8,0.28,0.1,0.5,0.0,,,,,,0.0,0.3,0.0,0.1,0,gly,TGC3-t3,TGC3,TGC3-t3
398509.597,7600380.673,826.58,10.5,14.0,-0.6,1.2,47.1,0.49,0.1,0.5,0.0,,,,,,0.0,0.3,0.0,0.1,0,gly,TGC3-t3,TGC3,TGC3-t3
398508.75,7600381.091,826.845,10.0,3.0,-0.4,,45.1,0.57,0.0,0.0,0.0,,,,,,0.2,0.5,0.0,0.3,0,it,TGC3-t3,TGC3,TGC3-t3
398508.34,7600381.355,826.9339999999999,9.0,7.0,-0.5,,17.4,0.42,0.1,0.1,0.0,,,,,,0.6,0.1,0.1,0.0,0,it,TGC3-t3,TGC3,TGC3-t3
398504.719,7600383.036,827.283,5.0,2.0,-0.6,,37.9,0.39,0.05,0.45,0.0,,,,,,0.0,0.2,0.0,0.3,0,it,TGC3-t3,TGC3,TGC3-t3
398500.181,7600384.991,827.527,0.0,11.0,-0.4,2.0,45.0,0.45,0.0,0.5,0.0,,,,,,0.0,0.2,0.0,0.3,0,it,TGC3-t3,TGC3,TGC3-t3
398547.02,7600482.037999999,834.9299999999998,8.5,1.0,-0.6,,6.7,0.39,0.0,0.0,,,,,,,,0.5,0.4,0.1,0,wt,TGC3-t4,TGC3,TGC3-t4
398547.507,7600481.837,834.7609999999999,8.0,17.0,-0.6,0.0,,0.52,0.0,0.0,,,,,,,,0.0,0.0,0.0,1,chnl,TGC3-t4,TGC3,TGC3-t4
398548.032,7600481.541,834.493,7.5,8.0,-0.5,,,,0.0,0.0,,,,,,,,0.0,0.0,0.0,0,wt,TGC3-t4,TGC3,TGC3-t4
398548.918,7600481.232,834.7319999999999,6.5,7.0,-0.6,,39.3,0.63,0.0,0.0,,,,,,,,0.25,0.05,0.7,0,wt,TGC3-t4,TGC3,TGC3-t4
398549.46,7600481.074,834.8229999999999,6.0,18.0,-0.5,3.4,43.7,0.47,0.0,0.0,,,,,,,,0.8,0.05,0.15,0,wt,TGC3-t4,TGC3,TGC3-t4
398549.898,7600480.836,834.903,5.5,14.0,-0.4,0.6,51.7,0.34,0.0,0.0,,,,,,,,0.8,0.05,0.15,0,wt,TGC3-t4,TGC3,TGC3-t4
398550.287,7600480.679999999,834.921,5.0,11.0,-0.6,0.0,50.6,0.2,0.0,0.0,,,,,,,,0.8,0.05,0.15,0,wt,TGC3-t4,TGC3,TGC3-t4
398550.792,7600480.304999999,834.825,4.5,5.0,-0.5,,28.5,0.55,0.0,0.05,,,,,,,,0.35,0.0,0.6,0,it,TGC3-t4,TGC3,TGC3-t4
398551.192,7600480.188,834.893,4.0,4.0,-0.5,,27.1,0.51,0.0,0.05,,,,,,,,0.35,0.0,0.6,0,it,TGC3-t4,TGC3,TGC3-t4
398552.068,7600479.854,835.029,3.0,2.0,-0.5,,18.1,0.51,0.0,0.05,,,,,,,,0.35,0.0,0.6,0,it,TGC3-t4,TGC3,TGC3-t4
398553.018,7600479.497,834.964,2.0,1.0,-0.6,,30.5,0.49,0.0,0.05,,,,,,,,0.35,0.0,0.6,0,it,TGC3-t4,TGC3,TGC3-t4
398553.985,7600479.12,834.87,1.0,4.0,-0.6,,27.9,0.51,0.0,0.05,,,,,,,,0.35,0.0,0.6000000000000001,0,it,TGC3-t4,TGC3,TGC3-t4
398554.869,7600478.730999999,834.822,0.0,3.0,-0.6,,30.3,0.58,0.0,0.05,,,,,,,,0.35,0.0,0.6,0,it,TGC3-t4,TGC3,TGC3-t4
397085.472,7608871.951,830.3959999999998,0.0,6.0,-0.5,0.2,40.7,0.57,0.0,0.1,0.0,,827.781982421875,827.781982421875,827.8599854,827.8599854,0.0,0.4,0.0,0.5,0,it,TOOL280-1-t1,Tool280-1,
397085.994,7608871.122,830.404,1.0,6.0,-0.5,,29.3,0.48,0.0,0.1,0.0,,827.781982421875,827.781982421875,827.8599854,827.8599854,0.5,0.0,0.0,0.4,0,it,TOOL280-1-t1,Tool280-1,
397086.649,7608870.286,830.441,2.0,8.0,-0.4,1.0,45.9,0.54,0.0,0.1,0.0,,827.8150024414062,827.8150024414062,827.8699951,827.8699951,0.0,0.4,0.0,0.5,0,it,TOOL280-1-t1,Tool280-1,
397087.235,7608869.514999999,830.3139999999999,3.0,9.0,-0.6,,37.0,0.42,0.1,0.1,0.1,,827.7369995117188,827.7369995117188,827.8300171,827.8300171,0.4,0.0,0.0,0.3,0,it,TOOL280-1-t1,Tool280-1,
397087.816,7608868.694,830.211,4.0,7.0,-0.5,2.4,36.5,0.46,0.0,0.1,0.0,,827.7410278320312,827.7410278320312,827.7999878,827.7999878,0.5,0.0,0.0,0.4,0,it,TOOL280-1-t1,Tool280-1,
397088.445,7608867.979,830.0299999999999,5.0,15.0,-0.5,,49.6,0.43,0.0,0.0,0.0,,827.489013671875,827.489013671875,827.6199951,827.6199951,0.7,0.0,0.0,0.3,0,wt,TOOL280-1-t1,Tool280-1,
397089.058,7608867.206,829.94,6.0,22.0,-0.6,3.6,6.2,0.61,0.0,0.0,0.0,,827.4739990234374,827.4739990234374,827.5700073,827.5700073,0.0,0.6000000000000001,0.1,0.3,0,wt,TOOL280-1-t1,Tool280-1,
397089.62,7608866.366999999,829.878,7.0,30.0,-0.7,,,0.39,0.0,0.0,0.0,,827.4310302734374,827.4310302734374,827.4899902,827.4899902,0.0,0.7999999999999999,0.0,0.2,1,wt,TOOL280-1-t1,Tool280-1,
397090.211,7608865.564,829.87,8.0,26.0,-0.6,0.8,35.5,0.24,0.0,0.0,0.0,,827.5,827.5,827.4299927,827.4299927,0.0,0.7999999999999999,0.0,0.2,0,wt,TOOL280-1-t1,Tool280-1,
397090.766,7608864.796,829.879,9.0,19.0,-0.7,,52.0,0.35,0.0,0.0,0.0,,827.4619750976561,827.4619750976561,827.4799805,827.4799805,0.0,0.7999999999999999,0.0,0.2,0,wt,TOOL280-1-t1,Tool280-1,
397091.298,7608864.025,830.147,10.0,14.0,-0.6,0.7,34.1,0.44,0.1,0.0,0.0,,827.5,827.5,827.5200195,827.5200195,0.0,0.7,0.1,0.1,0,wt,TOOL280-1-t1,Tool280-1,
397091.881,7608863.215,830.147,11.0,2.0,-0.3,,4.1,0.43,0.0,0.1,0.0,,827.4860229492188,827.4860229492188,827.5300293,827.5300293,0.0,0.5,0.0,0.4,0,wt,TOOL280-1-t1,Tool280-1,
397092.452,7608862.307,830.273,12.0,2.0,-0.3,,6.8,0.46,0.0,0.1,0.0,,827.5560302734374,827.5560302734374,827.5900269,827.5900269,0.0,0.5,0.0,0.4,0,wt,TOOL280-1-t1,Tool280-1,
397093.039,7608861.525,830.408,13.0,2.0,-0.4,,48.9,0.47,0.0,0.1,0.0,,827.6959838867188,827.6959838867188,827.6900024,827.6900024,0.3,0.2,0.0,0.4,0,wt,TOOL280-1-t1,Tool280-1,
397093.589,7608860.706,830.443,14.0,10.0,-0.6,2.6,36.4,0.46,0.0,0.0,0.0,,827.7999877929686,827.7999877929686,827.8499756,827.8499756,0.8,0.0,0.1,0.1,0,wt,TOOL280-1-t1,Tool280-1,
397094.189,7608859.926,830.388,15.0,4.0,-0.4,,36.2,0.48,0.0,0.0,0.0,,827.8660278320312,827.8660278320312,827.9000244,827.9000244,0.8,0.0,0.1,0.1,0,wt,TOOL280-1-t1,Tool280-1,
397094.807,7608859.145999999,830.515,16.0,8.0,-0.5,,15.8,0.43,0.1,0.5,0.0,,827.8660278320312,827.8660278320312,827.9000244,827.9000244,0.0,0.3,0.0,0.1,0,it,TOOL280-1-t1,Tool280-1,
397095.493,7608858.382,830.464,17.0,0.0,-0.4,,1.1,0.49,0.1,0.0,0.0,,827.9039916992188,827.9039916992188,827.9799805,827.9799805,0.5,0.0,0.0,0.4,0,it,TOOL280-1-t1,Tool280-1,
397096.048,7608857.535,830.558,18.0,8.0,-0.6,0.0,12.9,0.56,0.1,0.2,0.0,,827.9959716796875,827.9959716796875,827.9799805,827.9799805,0.5,0.0,0.0,0.2,0,it,TOOL280-1-t1,Tool280-1,
397096.515,7608856.65,830.6219999999998,19.0,9.0,-0.5,,2.1,0.55,0.0,0.2,0.0,,828.0029907226561,828.0029907226561,828.0200195,828.0200195,0.0,0.4,0.0,0.4,0,it,TOOL280-1-t1,Tool280-1,
397097.184,7608855.810999999,830.653,20.0,14.0,-0.6,0.0,33.3,0.47,0.1,0.2,0.0,,828.041015625,828.041015625,828.0900269,828.0900269,0.5,0.0,0.0,0.2,0,it,TOOL280-1-t1,Tool280-1,
397220.626,7608893.656,837.5009999999999,0.0,10.0,-0.5,7.0,34.5,0.52,0.0,0.15,0.0,,834.8419799804686,834.8419799804686,834.8499756,834.8499756,0.6,0.0,0.0,0.25,0,it,TOOL280-1-t2,Tool280-1,
397220.335,7608892.791,837.611,1.0,16.0,-0.6,4.0,43.9,0.48,0.2,0.2,0.0,,834.8950195312499,834.8950195312499,834.9000244,834.9000244,0.4,0.0,0.0,0.2,0,it,TOOL280-1-t2,Tool280-1,
397220.089,7608891.844999999,837.38,2.0,19.0,-0.6,7.4,35.8,0.44,0.0,0.1,0.0,,834.8400268554686,834.8400268554686,834.8900146,834.8900146,0.2,0.0,0.1,0.6,0,it,TOOL280-1-t2,Tool280-1,
397219.791,7608890.934,837.1,3.0,17.0,-0.5,3.4,39.8,0.54,0.0,0.1,0.0,,834.6060180664062,834.6060180664062,834.6599731,834.6599731,0.4,0.0,0.0,0.5,0,it,TOOL280-1-t2,Tool280-1,
397219.346,7608889.962,837.14,4.0,14.0,-0.5,3.6,32.0,0.53,0.0,0.1,0.0,,834.4089965820312,834.4089965820312,834.5100098,834.5100098,0.4,0.0,0.0,0.5,0,it,TOOL280-1-t2,Tool280-1,
397219.069,7608889.059,837.0739999999998,5.0,10.0,-0.5,1.0,42.8,0.4,0.1,0.0,0.0,,834.4089965820312,834.4089965820312,834.5100098,834.5100098,0.5,0.0,0.0,0.4,0,it,TOOL280-1-t2,Tool280-1,
397218.708,7608888.12,836.94,6.0,17.0,-0.5,4.0,,0.3,0.0,0.0,0.0,,834.4199829101561,834.4199829101561,834.5599976,834.5599976,0.7,0.0,0.0,0.3,0,it,TOOL280-1-t2,Tool280-1,
397218.373,7608887.192,837.018,7.0,10.0,-0.5,3.7,17.6,0.43,0.0,0.0,0.0,,834.3779907226561,834.3779907226561,834.460022,834.460022,0.3,0.0,0.2,0.5,0,it,TOOL280-1-t2,Tool280-1,
397217.984,7608886.235999999,837.024,8.0,16.0,-0.5,3.0,48.8,0.51,0.0,0.1,0.0,,834.2529907226561,834.2529907226561,834.2700195,834.2700195,0.3,0.0,0.0,0.6000000000000001,0,it,TOOL280-1-t2,Tool280-1,
397217.685,7608885.29,836.7899999999998,9.0,20.0,-0.4,5.8,,0.33,0.0,0.1,0.1,,834.3839721679686,834.3839721679686,834.3099976,834.3099976,0.0,0.5,0.0,0.3,1,it,TOOL280-1-t2,Tool280-1,
397217.215,7608884.426,836.8239999999998,10.0,23.0,-0.4,5.6,,0.3,0.0,0.0,0.0,,834.1929931640626,834.1929931640626,834.2600098,834.2600098,0.0,0.9,0.0,0.1,1,it,TOOL280-1-t2,Tool280-1,
397216.969,7608883.465,836.822,11.0,17.0,-0.6,2.0,51.8,0.26,0.0,0.0,0.1,,834.135986328125,834.135986328125,834.2199707,834.2199707,0.0,0.7999999999999999,0.0,0.1,0,it,TOOL280-1-t2,Tool280-1,
397216.603,7608882.552,836.707,12.0,15.0,-0.5,4.0,,0.3,0.0,0.1,0.1,,834.1010131835938,834.1010131835938,834.2000122,834.2000122,0.0,0.7,0.0,0.1,1,wt,TOOL280-1-t2,Tool280-1,
397216.199,7608881.582,836.702,13.0,24.0,-0.6,5.4,,0.53,0.0,0.1,0.0,,834.0469970703125,834.0469970703125,834.1199951,834.1199951,0.0,0.4,0.0,0.5,1,wt,TOOL280-1-t2,Tool280-1,
397215.949,7608880.642,836.5489999999999,14.0,24.0,-0.6,4.2,,0.3,0.0,0.0,0.0,,834.0460205078125,834.0460205078125,834.0,834.0,0.0,0.7,0.0,0.3,1,wt,TOOL280-1-t2,Tool280-1,
397215.605,7608879.684999999,836.5489999999999,15.0,22.0,-0.5,4.0,,0.35,0.0,0.0,0.0,,833.9600219726561,833.9600219726561,833.9500122,833.9500122,0.0,0.7,0.0,0.3,1,wt,TOOL280-1-t2,Tool280-1,
397215.2,7608878.770999999,836.522,16.0,24.0,-0.5,,,0.34,0.0,0.0,0.0,,833.9979858398436,833.9979858398436,833.9099731,833.9099731,0.0,0.7,0.0,0.3,1,wt,TOOL280-1-t2,Tool280-1,
397214.857,7608877.860999999,836.586,17.0,19.0,-0.6,3.0,,0.34,0.0,0.0,0.0,,834.0159912109374,834.0159912109374,833.9400024,833.9400024,0.0,0.6,0.1,0.3,1,wt,TOOL280-1-t2,Tool280-1,
397214.404,7608876.908,836.5499999999998,18.0,21.0,-0.5,,27.9,0.34,0.0,0.0,0.0,,833.9739990234374,833.9739990234374,833.960022,833.960022,0.0,0.7,0.0,0.3,0,wt,TOOL280-1-t2,Tool280-1,
397214.068,7608875.999,836.69,19.0,12.0,-0.5,4.0,44.7,0.52,0.0,0.0,0.0,,833.9340209960938,833.9340209960938,834.0200195,834.0200195,0.6000000000000001,0.0,0.0,0.4,0,wt,TOOL280-1-t2,Tool280-1,
397213.711,7608875.073,836.6499999999999,20.0,10.0,-0.5,,,0.34,0.0,0.0,0.3,,834.0650024414062,834.0650024414062,834.0100098,834.0100098,0.5,0.0,0.0,0.2,0,wt,TOOL280-1-t2,Tool280-1,
397213.374,7608874.074,836.721,21.0,14.0,-0.6,1.3,48.9,0.44,0.0,0.1,0.0,,834.0139770507811,834.0139770507811,834.0900269,834.0900269,0.0,0.6,0.0,0.3,0,wt,TOOL280-1-t2,Tool280-1,
397213.047,7608873.171,836.7519999999998,22.0,12.0,-0.5,,48.6,0.4,0.0,0.0,0.0,,834.1240234375,834.1240234375,834.1199951,834.1199951,0.8,0.0,0.0,0.2,0,wt,TOOL280-1-t2,Tool280-1,
397212.737,7608872.192,836.811,23.0,6.0,-0.6,1.8,1.0,0.53,0.0,0.2,0.0,,834.072998046875,834.072998046875,834.1199951,834.1199951,0.2,0.0,0.0,0.6000000000000001,0,it,TOOL280-1-t2,Tool280-1,
397212.39,7608871.273,836.844,24.0,8.0,-0.5,,11.7,0.51,0.0,0.2,0.0,,834.176025390625,834.176025390625,834.2299805,834.2299805,0.3,0.0,0.0,0.5,0,it,TOOL280-1-t2,Tool280-1,
397212.003,7608870.343,836.855,25.0,5.0,-0.5,-0.3,19.7,0.4,0.0,0.3,0.0,,834.2039794921875,834.2039794921875,834.2199707,834.2199707,0.3,0.0,0.0,0.4,0,it,TOOL280-1-t2,Tool280-1,
397211.693,7608869.363,836.916,26.0,5.0,-0.5,-0.5,39.9,0.56,0.0,0.2,0.0,,834.197021484375,834.197021484375,834.210022,834.210022,0.3,0.0,0.0,0.5,0,it,TOOL280-1-t2,Tool280-1,
397211.421,7608868.457,836.8859999999999,27.0,12.0,-0.4,4.6,12.8,0.57,0.0,0.3,0.0,,834.260009765625,834.260009765625,834.2700195,834.2700195,0.3,0.0,0.0,0.4,0,it,TOOL280-1-t2,Tool280-1,
397211.075,7608867.553999999,836.806,28.0,4.0,-0.5,,34.3,0.5,0.0,0.3,0.0,,834.2830200195312,834.2830200195312,834.2999878,834.2999878,0.3,0.0,0.0,0.4,0,it,TOOL280-1-t2,Tool280-1,
397296.98,7608897.187,842.219,0.0,8.0,-0.6,2.9,13.2,0.47,0.1,0.3,,,839.5189819335938,839.5189819335938,839.5,839.5,0.0,0.2,0.0,0.4,0,it,TOOL280-1-t3,Tool280-1,
397297.43,7608896.310999999,842.24,1.0,8.0,-0.4,0.4,45.4,0.4,0.2,0.3,,,839.5120239257811,839.5120239257811,839.6599731,839.6599731,0.3,0.0,0.0,0.2,0,it,TOOL280-1-t3,Tool280-1,
397297.988,7608895.461,842.235,2.0,7.0,-0.4,1.8,,0.45,0.0,0.2,,,839.5440063476561,839.5440063476561,839.5800171,839.5800171,0.2,0.3,0.0,0.4,0,it,TOOL280-1-t3,Tool280-1,
397298.522,7608894.625,842.172,3.0,6.0,-0.6,3.0,37.1,0.41,0.1,0.1,,,839.5629882812499,839.5629882812499,839.7000122,839.7000122,0.4,0.0,0.0,0.4,0,it,TOOL280-1-t3,Tool280-1,
397299.054,7608893.786999999,842.1509999999998,4.0,10.0,-0.5,1.6,41.9,0.36,0.2,0.15,,,839.5020141601561,839.5020141601561,839.6099854,839.6099854,0.4,0.0,0.0,0.15,0,it,TOOL280-1-t3,Tool280-1,
397299.558,7608892.94,842.1799999999998,5.0,10.0,-0.5,2.0,,0.36,0.2,0.15,,,839.541015625,839.541015625,839.6500244,839.6500244,0.4,0.0,0.0,0.15,1,it,TOOL280-1-t3,Tool280-1,
397300.089,7608892.094999999,842.1,6.0,9.0,-0.6,0.6,48.3,0.39,0.2,0.1,,,839.5089721679686,839.5089721679686,839.5999756,839.5999756,0.3,0.0,0.0,0.5,0,it,TOOL280-1-t3,Tool280-1,
397300.641,7608891.315999999,842.039,7.0,8.0,-0.5,-0.2,41.1,0.43,0.2,0.1,,,839.5020141601561,839.5020141601561,839.5499878,839.5499878,0.3,0.0,0.0,0.5,0,it,TOOL280-1-t3,Tool280-1,
397301.175,7608890.400999999,841.9819999999999,8.0,8.0,-0.5,-0.1,47.8,0.9,0.2,0.1,,,839.3980102539062,839.3980102539062,839.4799805,839.4799805,0.6,0.0,0.0,0.1,0,it,TOOL280-1-t3,Tool280-1,
397301.734,7608889.605,841.798,9.0,8.0,-0.6,0.0,,0.47,0.0,0.0,,,839.2769775390626,839.2769775390626,839.3800049,839.3800049,0.0,0.0,0.0,0.0,1,it,TOOL280-1-t3,Tool280-1,
397302.249,7608888.769999999,841.772,10.0,29.0,-0.6,3.0,47.5,0.52,0.1,0.0,,,839.1480102539062,839.1480102539062,839.1799927,839.1799927,0.8,0.0,0.0,0.1,0,it,TOOL280-1-t3,Tool280-1,
397302.753,7608887.918999999,841.503,11.0,32.0,-0.6,4.0,50.8,0.31,0.0,0.0,,,839.0469970703125,839.0469970703125,839.0300293,839.0300293,0.0,0.7,0.0,0.3,0,wt,TOOL280-1-t3,Tool280-1,
397303.329,7608887.103,841.4829999999998,12.0,36.0,-0.4,7.4,47.1,0.4,0.0,0.0,,,838.9970092773436,838.9970092773436,838.9899902,838.9899902,0.0,0.7,0.0,0.3,0,wt,TOOL280-1-t3,Tool280-1,
397303.795,7608886.222,841.442,13.0,20.0,-0.5,3.5,,0.38,0.0,0.0,,,839.0130004882812,839.0130004882812,838.960022,838.960022,0.0,0.7,0.1,0.2,1,wt,TOOL280-1-t3,Tool280-1,
397304.349,7608885.364,841.749,14.0,22.0,-0.4,3.8,45.1,0.5,0.1,0.0,,,839.0399780273436,839.0399780273436,838.8699951,838.8699951,0.0,0.35,0.1,0.4,0,wt,TOOL280-1-t3,Tool280-1,
397304.855,7608884.58,841.782,15.0,12.0,-0.5,1.4,33.4,0.44,0.1,0.0,,,839.1599731445312,839.1599731445312,839.0900269,839.0900269,0.5,0.1,0.1,0.4499999999999999,0,it,TOOL280-1-t3,Tool280-1,
397305.366,7608883.654,841.94,16.0,25.0,-0.4,1.9,41.2,0.48,0.1,0.0,,,839.2059936523436,839.2059936523436,839.25,839.25,0.5,0.1,0.1,0.4499999999999999,0,it,TOOL280-1-t3,Tool280-1,
397305.891,7608882.798,841.904,17.0,12.0,-0.6,0.4,36.6,0.52,0.2,0.0,,,839.1829833984374,839.1829833984374,839.210022,839.210022,0.2,0.3,0.0,0.3,0,it,TOOL280-1-t3,Tool280-1,
397306.433,7608881.969999999,841.941,18.0,5.0,-0.6,,36.2,0.52,0.2,0.0,,,839.260009765625,839.260009765625,839.2999878,839.2999878,0.2,0.3,0.0,0.3,0,it,TOOL280-1-t3,Tool280-1,
397306.921,7608881.124,841.951,19.0,7.0,-0.6,1.8,39.0,0.59,0.1,0.0,,,839.260009765625,839.260009765625,839.2999878,839.2999878,0.0,0.2,0.0,0.65,0,it,TOOL280-1-t3,Tool280-1,
397307.493,7608880.272,842.0249999999999,20.0,12.0,-0.6,-0.6,49.5,0.61,0.0,0.1,,,839.4400024414062,839.4400024414062,839.4199829,839.4199829,0.0,0.1,0.0,0.4,0,it,TOOL280-1-t3,Tool280-1,
397307.953,7608879.383999999,842.0359999999998,21.0,10.0,-0.5,-0.5,21.5,0.6,0.0,0.1,,,839.3959960937501,839.3959960937501,839.4299927,839.4299927,0.0,0.1,0.0,0.4,0,it,TOOL280-1-t3,Tool280-1,
397308.514,7608878.568,842.121,22.0,7.0,-0.5,-0.5,28.5,0.55,0.0,0.15,,,839.5250244140626,839.5250244140626,839.5599976,839.5599976,0.2,0.0,0.0,0.8,0,it,TOOL280-1-t3,Tool280-1,
396826.428,7608996.928,820.1649999999998,15.0,5.0,-0.5,-0.5,19.9,0.43,,0.0,,,817.5750122070312,817.5750122070312,817.7000122,817.7000122,0.7,0.0,,0.3,0,it,TOOL280-2-t1,Tool280-2,
396827.09,7608996.190999999,820.181,14.0,4.0,-0.5,,25.2,0.46,,0.0,,,817.6480102539062,817.6480102539062,817.7700195,817.7700195,0.7,0.0,,0.3,0,it,TOOL280-2-t1,Tool280-2,
396827.676,7608995.422,820.3279999999999,13.0,6.0,-0.5,,45.5,0.59,,0.0,,,817.6400146484374,817.6400146484374,817.789978,817.789978,0.0,0.5,,0.5,0,wt,TOOL280-2-t1,Tool280-2,
396828.314,7608994.634999999,820.4009999999998,12.0,0.0,-0.4,-0.4,16.8,0.47,,0.0,,,817.6599731445312,817.6599731445312,817.8099976,817.8099976,0.0,0.5,,0.5,0,wt,TOOL280-2-t1,Tool280-2,
396828.881,7608993.878999999,820.145,11.0,6.0,-0.5,,21.3,0.45,,0.0,,,817.614013671875,817.614013671875,817.7800293,817.7800293,0.5,0.0,,0.5,0,wt,TOOL280-2-t1,Tool280-2,
396829.483,7608993.064,820.163,10.0,6.0,-0.5,-0.2,42.4,0.43,,0.0,,,817.655029296875,817.655029296875,817.789978,817.789978,0.0,0.2,,0.7999999999999999,0,wt,TOOL280-2-t1,Tool280-2,
396830.111,7608992.267,820.075,9.0,8.0,-0.6,,16.1,0.48,,0.2,,,817.572998046875,817.572998046875,817.7700195,817.7700195,0.5,0.0,,0.3,0,wt,TOOL280-2-t1,Tool280-2,
396830.683,7608991.428,820.11,8.0,8.0,-0.5,1.7,46.8,0.41,,0.0,,,817.4929809570312,817.4929809570312,817.6799927,817.6799927,0.8,0.0,,0.2,0,wt,TOOL280-2-t1,Tool280-2,
396831.237,7608990.722,820.308,7.0,8.0,-0.5,,,0.51,,0.3,,,817.510009765625,817.510009765625,817.6799927,817.6799927,0.4,0.0,,0.3,0,wt,TOOL280-2-t1,Tool280-2,
396831.362,7608990.712,820.1559999999998,6.0,5.0,-0.5,-0.5,17.9,0.45,,0.1,,,817.510009765625,817.510009765625,817.6799927,817.6799927,0.4,0.0,,0.5,0,wt,TOOL280-2-t1,Tool280-2,
396831.953,7608989.905,820.138,5.0,7.0,-0.5,,46.5,0.56,,0.0,,,817.531005859375,817.531005859375,817.6900024,817.6900024,0.5,0.0,,0.5,0,wt,TOOL280-2-t1,Tool280-2,
396832.503,7608989.081,820.096,4.0,9.0,-0.6,0.0,43.9,0.52,,0.0,,,817.5369873046875,817.5369873046875,817.6300049,817.6300049,0.6,0.0,,0.4,0,wt,TOOL280-2-t1,Tool280-2,
396833.095,7608988.272,820.178,3.0,22.0,-0.6,,30.2,0.42,,0.3,,,817.6040039062499,817.6040039062499,817.7000122,817.7000122,0.2,0.0,,0.5,0,wt,TOOL280-2-t1,Tool280-2,
396833.693,7608987.507,820.166,2.0,14.0,-0.6,0.6,42.5,0.56,,0.1,,,817.5750122070312,817.5750122070312,817.6599731,817.6599731,0.0,0.0,,0.8999999999999999,0,wt,TOOL280-2-t1,Tool280-2,
396834.26,7608986.667999999,820.144,1.0,8.0,-0.5,,25.2,0.54,,0.1,,,817.593994140625,817.593994140625,817.6400146,817.6400146,0.0,0.0,,0.8999999999999999,0,it,TOOL280-2-t1,Tool280-2,
396834.762,7608985.821999999,820.1649999999998,0.0,1.0,-0.4,,9.9,0.46,,0.1,,,817.5250244140626,817.5250244140626,817.6099854,817.6099854,0.7,0.0,,0.2,0,it,TOOL280-2-t1,Tool280-2,
396825.845,7608997.8,820.297,,,,,,,,,,,817.6329956054686,817.6329956054686,817.7399902,817.7399902,,,,,0,,TOOL280-2-t1,Tool280-2,
396888.648,7609048.783,824.344,11.0,5.0,-0.5,,16.1,0.59,,0.0,,,821.6859741210938,821.6859741210938,821.7800293,821.7800293,0.0,0.3,0.0,0.7,0,it,TOOL280-2-t2,Tool280-2,
396888.953,7609047.781,824.297,10.0,1.0,-0.5,-0.5,45.2,0.54,,0.0,,,821.7000122070312,821.7000122070312,821.7800293,821.7800293,0.4,0.0,0.0,0.6,0,it,TOOL280-2-t2,Tool280-2,
396889.317,7609046.848,824.255,9.0,3.0,-0.4,,6.5,0.52,,0.0,,,821.6339721679686,821.6339721679686,821.7600098,821.7600098,0.4,0.0,0.0,0.6,0,it,TOOL280-2-t2,Tool280-2,
396889.652,7609045.988,824.21,8.0,7.0,-0.6,-0.4,34.7,0.4,,0.2,,,821.6060180664062,821.6060180664062,821.710022,821.710022,0.7,0.0,0.1,0.0,0,wt,TOOL280-2-t2,Tool280-2,
396890.047,7609045.018,824.2179999999998,7.0,7.0,-0.5,,27.3,0.59,,0.0,,,821.656982421875,821.656982421875,821.7600098,821.7600098,0.4,0.0,0.1,0.5,0,wt,TOOL280-2-t2,Tool280-2,
396890.442,7609044.104,824.149,6.0,11.0,-0.5,0.4,17.9,0.59,,0.0,,,821.5440063476561,821.5440063476561,821.6599731,821.6599731,0.0,0.7,0.1,0.2,0,wt,TOOL280-2-t2,Tool280-2,
396890.87,7609043.244,824.1309999999999,5.0,13.0,-0.5,,51.7,0.56,,0.0,,,821.531982421875,821.531982421875,821.6300049,821.6300049,0.0,0.8,0.1,0.1,0,wt,TOOL280-2-t2,Tool280-2,
396891.253,7609042.308,824.087,4.0,5.0,-0.5,-0.5,40.6,0.51,,0.1,,,821.5629882812499,821.5629882812499,821.6699829,821.6699829,0.0,0.4,0.0,0.5,0,wt,TOOL280-2-t2,Tool280-2,
396891.562,7609041.355,824.238,3.0,10.0,-0.5,11.0,28.7,0.49,,0.1,,,821.5230102539062,821.5230102539062,821.7000122,821.7000122,0.5,0.0,0.0,0.4,0,it,TOOL280-2-t2,Tool280-2,
396891.963,7609040.411999999,824.193,2.0,3.0,-0.4,,28.3,0.44,,0.0,,,821.5780029296875,821.5780029296875,821.6699829,821.6699829,0.8,0.0,0.0,0.2,0,it,TOOL280-2-t2,Tool280-2,
396892.298,7609039.474999999,824.229,1.0,1.0,-0.3,,35.7,0.46,,0.0,,,821.6320190429686,821.6320190429686,821.7199707,821.7199707,0.8,0.0,0.0,0.2,0,it,TOOL280-2-t2,Tool280-2,
396892.568,7609038.53,824.222,0.0,3.0,-0.5,,10.9,0.5,,0.0,,,821.6030273437501,821.6030273437501,821.6699829,821.6699829,0.7,0.0,0.0,0.3,0,it,TOOL280-2-t2,Tool280-2,
396919.482,7609059.917,825.5739999999998,13.0,8.0,-0.5,3.7,14.8,0.53,,0.0,0.0,,823.0,823.0,823.0300293,823.0300293,0.4,0.0,0.0,0.6000000000000001,0,it,TOOL280-2-t3,Tool280-2,
396919.96,7609059.022,825.5589999999999,12.0,7.0,-0.6,,28.9,0.53,,0.0,0.0,,823.0,823.0,823.0300293,823.0300293,0.4,0.0,0.0,0.6000000000000001,0,it,TOOL280-2-t3,Tool280-2,
396920.454,7609058.145999999,825.644,11.0,1.0,-0.4,-0.4,11.9,0.48,,0.1,0.0,,823.0239868164062,823.0239868164062,823.1400146,823.1400146,0.4,0.0,0.0,0.5,0,it,TOOL280-2-t3,Tool280-2,
396920.943,7609057.326,825.558,10.0,4.0,-0.5,,43.6,0.5,,0.1,0.0,,823.0230102539062,823.0230102539062,823.0900269,823.0900269,0.4,0.0,0.0,0.5,0,wt,TOOL280-2-t3,Tool280-2,
396921.574,7609056.462,825.4589999999998,9.0,3.0,-0.6,-0.6,45.4,0.33,,0.0,0.1,,823.0159912109374,823.0159912109374,823.0800171,823.0800171,0.0,0.6,0.0,0.3,0,wt,TOOL280-2-t3,Tool280-2,
396921.925,7609055.508999999,825.494,8.0,2.0,-0.6,,47.3,0.5,,0.0,0.0,,822.802978515625,822.802978515625,822.9099731,822.9099731,0.6,0.0,0.1,0.3,0,wt,TOOL280-2-t3,Tool280-2,
396922.4,7609054.684999999,825.662,7.0,10.0,-0.5,0.6,27.5,0.41,,0.0,0.0,,822.8690185546875,822.8690185546875,822.9500122,822.9500122,0.6,0.0,0.0,0.4,0,wt,TOOL280-2-t3,Tool280-2,
396922.833,7609053.812,825.5549999999998,6.0,13.0,-0.5,,51.2,0.48,,0.0,0.0,,822.8619995117188,822.8619995117188,822.960022,822.960022,0.6,0.0,0.0,0.4,0,wt,TOOL280-2-t3,Tool280-2,
396923.339,7609052.917,825.539,5.0,5.0,-0.4,-0.4,44.8,0.39,,0.0,0.0,,822.9910278320312,822.9910278320312,823.0999756,823.0999756,0.6,0.0,0.1,0.3,0,wt,TOOL280-2-t3,Tool280-2,
396923.827,7609052.007,825.662,4.0,5.0,-0.5,,27.7,0.41,,0.1,0.0,,822.9910278320312,822.9910278320312,823.0999756,823.0999756,0.6,0.0,0.0,0.3,0,wt,TOOL280-2-t3,Tool280-2,
396924.305,7609051.17,825.8099999999998,3.0,33.0,-0.6,4.5,38.8,0.28,,0.3,0.2,,823.1459960937501,823.1459960937501,823.2000122,823.2000122,0.0,0.0,0.0,0.5,0,wt,TOOL280-2-t3,Tool280-2,
396924.756,7609050.233,825.783,2.0,5.0,-0.2,,7.2,0.54,,0.1,0.0,,823.2000122070312,823.2000122070312,823.3300171,823.3300171,0.3,0.0,0.0,0.6,0,it,TOOL280-2-t3,Tool280-2,
396925.271,7609049.376,825.818,1.0,1.0,-0.5,-0.5,4.3,0.52,,0.1,0.0,,823.2689819335938,823.2689819335938,823.3400269,823.3400269,0.3,0.0,0.0,0.6,0,it,TOOL280-2-t3,Tool280-2,
396925.766,7609048.542,825.8769999999998,0.0,6.0,-0.5,,18.8,0.56,,0.0,0.0,,823.2680053710938,823.2680053710938,823.3200073,823.3200073,0.4,0.0,0.0,0.6,0,it,TOOL280-2-t3,Tool280-2,
403657.3766,7616332.846,,0.0,10.0,-0.4,0.0,,0.48,0.0,0.0,,810.75,804.9400024,804.9400024,804.9500122,804.9500122,0.5,0.0,,0.5,0,it,WT4-t1,WT4,
403656.1348,7616328.086,,5.0,3.0,-0.4,,1.4,0.48,0.0,0.0,,810.625,804.8530273,804.8530273,804.9099731,804.9099731,0.5,0.0,,0.5,0,it,WT4-t1,WT4,
403654.7446,7616323.453,,10.0,4.0,-0.5,,10.5,0.53,0.0,0.0,,810.4609375,804.6350098,804.6350098,804.7399902,804.7399902,0.5,0.0,,0.5,0,it,WT4-t1,WT4,
403654.5281,7616322.511,,11.0,7.0,-0.4,0.7,29.0,0.54,0.0,0.0,,810.4609375,804.6129761,804.6129761,804.6300049,804.6300049,0.0,0.2,,0.8,0,it,WT4-t1,WT4,
403654.1899,7616321.496,,12.0,11.0,-0.3,6.4,7.1,0.48,0.1,0.1,,810.4609375,804.5479736,804.5479736,804.6099854,804.6099854,0.0,0.2,,0.7,0,it,WT4-t1,WT4,
403653.9275,7616320.514,,13.0,7.0,-0.5,0.0,,0.57,0.0,0.0,,810.3125,804.3900146,804.3900146,804.4000244,804.4000244,0.0,0.2,,0.8,1,wt,WT4-t1,WT4,
403653.65,7616319.608,,14.0,7.0,-0.3,0.3,48.0,0.53,0.1,0.1,,810.3359375,804.2960205,804.2960205,804.289978,804.289978,0.0,0.2,,0.7,0,wt,WT4-t1,WT4,
403653.3025,7616318.513,,15.0,11.0,-0.6,2.1,,0.49,0.3,0.3,,810.3359375,804.3859863,804.3859863,804.3200073,804.3200073,0.0,0.3,,0.4,1,wt,WT4-t1,WT4,
403653.0191,7616317.499,,16.0,16.0,-0.6,2.5,,0.46,0.3,0.3,,810.3359375,804.242981,804.242981,804.2999878,804.2999878,0.0,0.3,,0.4,1,wt,WT4-t1,WT4,
403652.703,7616316.5,,17.0,10.0,-0.5,1.7,,0.39,0.5,0.5,,810.234375,804.3129883,804.3129883,804.289978,804.289978,0.0,0.2,,0.1,1,wt,WT4-t1,WT4,
403652.4613,7616315.64,,18.0,8.0,-0.5,3.0,19.4,0.42,0.4,0.4,,810.234375,804.3900146,804.3900146,804.4000244,804.4000244,0.0,0.2,,0.2,0,it,WT4-t1,WT4,
403652.0921,7616314.534,,19.0,6.0,-0.6,1.0,47.7,0.47,0.3,0.3,,810.296875,804.4920044,804.4920044,804.5,804.5,0.0,0.2,,0.6,0,it,WT4-t1,WT4,
403651.7444,7616313.468,,20.0,7.0,-0.5,1.0,46.5,0.56,0.3,0.3,,810.171875,804.4489746,804.4489746,804.4899902,804.4899902,0.0,0.2,,0.6,0,it,WT4-t1,WT4,
403650.1825,7616308.712,,25.0,10.0,-0.5,4.0,50.9,0.46,0.1,0.1,,810.3125,804.53302,804.53302,804.5999756,804.5999756,0.4,0.0,,0.5,0,it,WT4-t1,WT4,
403648.8769,7616304.131,,30.0,7.0,-0.4,1.7,51.9,0.46,0.0,0.0,,810.328125,804.4000244,804.4000244,804.4199829,804.4199829,0.3,0.0,,0.6,0,it,WT4-t1,WT4,
