date,ndvi_mean_wt,ndvi_mean_it,site
2019-06-01,0.4067881155464979,0.4726054005603593,TGC1
2019-06-01,0.4067881155464979,0.4679081008156551,TGC1
2019-06-01,0.4108782279818037,0.4726054005603593,TGC1
2019-06-01,0.4108782279818037,0.4679081008156551,TGC1
2019-06-03,0.433681431713598,0.5136820650850686,TGC1
2019-06-03,0.433681431713598,0.5026942026657528,TGC1
2019-06-03,0.4285819614443594,0.5136820650850686,TGC1
2019-06-03,0.4285819614443594,0.5026942026657528,TGC1
2019-06-11,0.5228983247248842,0.5647310894361254,TGC1
2019-06-15,0.5510550480335048,0.5800950236689819,TGC1
2019-06-15,0.5510550480335048,0.5782122010717206,TGC1
2019-06-15,0.5484429533638456,0.5800950236689819,TGC1
2019-06-15,0.5484429533638456,0.5782122010717206,TGC1
2019-06-16,0.5446704995324364,0.5763234621160247,TGC1
2019-06-16,0.5446704995324364,0.5760455516353139,TGC1
2019-06-16,0.5441317824641446,0.5763234621160247,TGC1
2019-06-16,0.5441317824641446,0.5760455516353139,TGC1
2019-06-18,0.5593027886476505,0.5871954623331405,TGC1
2019-06-18,0.5593027886476505,0.5867726692288296,TGC1
2019-06-18,0.5585382381251549,0.5871954623331405,TGC1
2019-06-18,0.5585382381251549,0.5867726692288296,TGC1
2019-06-20,0.4462881412197061,0.4836341637360923,TGC1
2019-06-20,0.4462881412197061,0.4778231551631061,TGC1
2019-06-20,0.4399715397772649,0.4836341637360923,TGC1
2019-06-20,0.4399715397772649,0.4778231551631061,TGC1
2019-06-26,0.6191389581838552,0.6306590255127409,TGC1
2019-06-26,0.6191389581838552,0.6330774180925596,TGC1
2019-06-26,0.6223632263311704,0.6306590255127409,TGC1
2019-06-26,0.6223632263311704,0.6330774180925596,TGC1
2019-07-08,0.6494523202997438,0.644514810366986,TGC1
2019-07-08,0.6494523202997438,0.6492167971110043,TGC1
2019-07-08,0.6552779557082927,0.644514810366986,TGC1
2019-07-08,0.6552779557082927,0.6492167971110043,TGC1
2019-07-10,0.6722442786160014,0.6564394018719991,TGC1
2019-07-10,0.6722442786160014,0.6600314145485431,TGC1
2019-07-10,0.6769643841942418,0.6564394018719991,TGC1
2019-07-10,0.6769643841942418,0.6600314145485431,TGC1
2019-07-11,0.6325428308097435,0.6343206518272162,TGC1
2019-07-11,0.6325428308097435,0.6344579346545314,TGC1
2019-07-11,0.6327940702572016,0.6343206518272162,TGC1
2019-07-11,0.6327940702572016,0.6344579346545314,TGC1
2019-07-23,0.6131950829590472,0.6123675093545611,TGC1
2019-08-05,0.6735234153281104,0.6644575849027953,TGC1
2019-08-07,0.6721376479601551,0.6628656260981948,TGC1
2019-08-07,0.6721376479601551,0.6701815106304482,TGC1
2019-08-07,0.6814779544188535,0.6628656260981948,TGC1
2019-08-07,0.6814779544188535,0.6701815106304482,TGC1
2019-08-30,0.5517659544982623,0.5452226309561743,TGC1
2019-08-30,0.5517659544982623,0.5435039787684082,TGC1
2019-08-30,0.5498679917065217,0.5452226309561743,TGC1
2019-08-30,0.5498679917065217,0.5435039787684082,TGC1
2020-06-02,0.3717576371361135,0.4671444916394234,TGC1
2020-06-02,0.3717576371361135,0.4640488490018266,TGC1
2020-06-02,0.3746323592731892,0.4671444916394234,TGC1
2020-06-02,0.3746323592731892,0.4640488490018266,TGC1
2020-06-20,0.5578555182307261,0.5936054220823177,TGC1
2020-07-07,0.6604123584916384,0.6555190167150537,TGC1
2020-07-07,0.6604123584916384,0.6580427473582771,TGC1
2020-07-07,0.6636305493146886,0.6555190167150537,TGC1
2020-07-07,0.6636305493146886,0.6580427473582771,TGC1
2020-07-15,0.6677738885016582,0.6724603768238885,TGC1
2020-07-15,0.6677738885016582,0.6728531598752483,TGC1
2020-07-15,0.6681818294921424,0.6724603768238885,TGC1
2020-07-15,0.6681818294921424,0.6728531598752483,TGC1
2020-08-04,0.6622167084464864,0.6647694274529095,TGC1
2020-08-06,0.6611620987862397,0.6463269197469409,TGC1
2020-08-21,0.5368350109361194,0.5294546023276451,TGC1
2020-08-21,0.5368350109361194,0.5291770246613905,TGC1
2020-08-21,0.5362721703225521,0.5294546023276451,TGC1
2020-08-21,0.5362721703225521,0.5291770246613905,TGC1
2021-07-12,0.6714548598005876,0.6590712936271568,TGC1
2021-07-12,0.6714548598005876,0.6617643376944178,TGC1
2021-07-12,0.6750357124585175,0.6590712936271568,TGC1
2021-07-12,0.6750357124585175,0.6617643376944178,TGC1
2021-07-19,0.7005441537834683,0.6763033433571409,TGC1
2021-07-19,0.7005441537834683,0.6765677165874089,TGC1
2021-07-19,0.7007428073880546,0.6763033433571409,TGC1
2021-07-19,0.7007428073880546,0.6765677165874089,TGC1
2021-07-20,0.7014716664400406,0.6878824830036918,TGC1
2021-07-20,0.7014716664400406,0.686604170627049,TGC1
2021-07-20,0.6996550297719708,0.6878824830036918,TGC1
2021-07-20,0.6996550297719708,0.686604170627049,TGC1
2021-08-04,0.7385878958454486,0.7140510746497275,TGC1
2021-08-04,0.7385878958454486,0.7140607799496338,TGC1
2021-08-04,0.738201441784692,0.7140510746497275,TGC1
2021-08-04,0.738201441784692,0.7140607799496338,TGC1
2022-06-05,0.3358675293889391,0.4456269149737972,TGC1
2022-06-19,0.4298355955435511,0.5215532203680763,TGC1
2022-06-20,0.4395135780936291,0.5254642814119171,TGC1
2022-06-20,0.4395135780936291,0.52680568454587,TGC1
2022-06-20,0.4434495239552093,0.5254642814119171,TGC1
2022-06-20,0.4434495239552093,0.52680568454587,TGC1
2022-07-09,0.6863297517787614,0.6819015330930579,TGC1
2022-07-09,0.6863297517787614,0.6758142066171599,TGC1
2022-07-09,0.6787390868361487,0.6819015330930579,TGC1
2022-07-09,0.6787390868361487,0.6758142066171599,TGC1
2022-07-10,0.5169305808619025,0.5365894472024413,TGC1
2022-07-20,0.7159022125820235,0.697510403617554,TGC1
2022-07-20,0.7159022125820235,0.6984795514139861,TGC1
2022-07-20,0.7173467857574842,0.697510403617554,TGC1
2022-07-20,0.7173467857574842,0.6984795514139861,TGC1
2022-08-03,0.7447679987951723,0.7115504693561069,TGC1
2022-08-03,0.7447679987951723,0.7233661619702036,TGC1
2022-08-03,0.7598173506308578,0.7115504693561069,TGC1
2022-08-03,0.7598173506308578,0.7233661619702036,TGC1
2023-08-04,0.7440485930051413,0.7125278729516215,TGC1
2023-08-04,0.7440485930051413,0.7177995415320447,TGC1
2023-08-04,0.7513458593869267,0.7125278729516215,TGC1
2023-08-04,0.7513458593869267,0.7177995415320447,TGC1
2024-06-08,0.3382188922018023,0.4329100333765994,TGC1
2024-06-08,0.3217784552126678,0.4329100333765994,TGC1
2024-06-11,0.3570390544368129,0.4627930380851018,TGC1
2024-06-11,0.3570390544368129,0.460254112630045,TGC1
2024-06-11,0.352077837708158,0.4627930380851018,TGC1
2024-06-11,0.352077837708158,0.460254112630045,TGC1
2024-06-13,0.3892757509890335,0.487951374378195,TGC1
2024-06-13,0.3892757509890335,0.4833725812323886,TGC1
2024-06-13,0.3871881686004205,0.487951374378195,TGC1
2024-06-13,0.3871881686004205,0.4833725812323886,TGC1
2024-06-14,0.4123131680158829,0.505252982453625,TGC1
2024-06-14,0.4123131680158829,0.5049458646462855,TGC1
2024-06-14,0.4081570258013551,0.505252982453625,TGC1
2024-06-14,0.4081570258013551,0.5049458646462855,TGC1
2024-06-19,0.4798069654997097,0.559175860280754,TGC1
2024-06-19,0.4798069654997097,0.5574808487894433,TGC1
2024-06-19,0.4772609148273938,0.559175860280754,TGC1
2024-06-19,0.4772609148273938,0.5574808487894433,TGC1
2024-06-21,0.5092749457534674,0.5676799144776687,TGC1
2024-06-21,0.5092749457534674,0.5689499800746667,TGC1
2024-06-21,0.5106444954019926,0.5676799144776687,TGC1
2024-06-21,0.5106444954019926,0.5689499800746667,TGC1
2024-07-23,0.7501919443164679,0.7086323664379517,TGC1
2024-07-23,0.7501919443164679,0.7127375299953703,TGC1
2024-07-23,0.755880870984766,0.7086323664379517,TGC1
2024-07-23,0.755880870984766,0.7127375299953703,TGC1
2024-07-24,0.7065458542781883,0.68969027275909,TGC1
2024-08-05,0.7583303925626296,0.7124861923905323,TGC1
2024-08-30,0.3955205817820178,0.2922985726685217,TGC1
2025-06-18,0.3181166435149385,0.4377328183068932,TGC1
2025-06-18,0.3181166435149385,0.4418299158115037,TGC1
2025-06-18,0.3202117805954321,0.4377328183068932,TGC1
2025-06-18,0.3202117805954321,0.4418299158115037,TGC1
2025-06-19,0.335817485547386,0.4612201101967692,TGC1
2025-06-19,0.335817485547386,0.455498521468343,TGC1
2025-06-19,0.3327002393081877,0.4612201101967692,TGC1
2025-06-19,0.3327002393081877,0.455498521468343,TGC1
2025-07-01,0.6268347067281909,0.6251777994200022,TGC1
2025-07-03,0.6446018482374857,0.6376716774361835,TGC1
2025-07-03,0.6446018482374857,0.6544497695426625,TGC1
2025-07-03,0.6687708476651768,0.6376716774361835,TGC1
2025-07-03,0.6687708476651768,0.6544497695426625,TGC1
2025-07-04,0.6437532191751728,0.6290560958788142,TGC1
2025-07-04,0.6437532191751728,0.6688237277072604,TGC1
2025-07-04,0.6986746268659362,0.6290560958788142,TGC1
2025-07-04,0.6986746268659362,0.6688237277072604,TGC1
2025-07-06,0.6916130108339418,0.6761875528626254,TGC1
2025-07-06,0.6916130108339418,0.6833050123864566,TGC1
2025-07-06,0.7016403379844552,0.6761875528626254,TGC1
2025-07-06,0.7016403379844552,0.6833050123864566,TGC1
2025-07-31,0.7798733122533256,0.7435529673014224,TGC1
2025-07-31,0.7798733122533256,0.7466078785400367,TGC1
2025-07-31,0.783998233710638,0.7435529673014224,TGC1
2025-07-31,0.783998233710638,0.7466078785400367,TGC1
2025-08-07,0.7704157288717793,0.7305439917304836,TGC1
2025-08-07,0.7704157288717793,0.7314266745292645,TGC1
2025-08-07,0.7715849026913254,0.7305439917304836,TGC1
2025-08-07,0.7715849026913254,0.7314266745292645,TGC1
2019-06-01,0.4178251372411565,0.3812974842640439,TGC3
2019-06-03,0.4549187579502858,0.3978769980111037,TGC3
2019-06-11,0.5379830193709957,0.4578157486350145,TGC3
2019-06-15,0.5614731913841459,0.4817522134456454,TGC3
2019-06-16,0.5592044727866717,0.4740836292253688,TGC3
2019-06-18,0.5672825561613721,0.4845755678911514,TGC3
2019-06-20,0.560328037606053,0.4789560841501341,TGC3
2019-06-26,0.6481005878038757,0.5603861340726121,TGC3
2019-07-08,0.6887031257135847,0.6175348676618131,TGC3
2019-07-10,0.7032890795701094,0.6262322444120519,TGC3
2019-07-11,0.6588388774180804,0.596836245813421,TGC3
2019-08-07,0.6902490451488609,0.6556849837977099,TGC3
2019-08-30,0.5372982795258816,0.5556686407669845,TGC3
2020-06-02,0.3751076904254469,0.3933260771783664,TGC3
2020-07-07,0.7210084010232238,0.6585879547321902,TGC3
2020-07-15,0.6293203388407945,0.4355510101414964,TGC3
2020-08-04,0.7121262150118918,0.6503786856245575,TGC3
2020-08-21,0.5221630349105444,0.4972798455611224,TGC3
2021-06-05,0.328903893735121,0.3449750263506125,TGC3
2021-07-12,0.7134938147062356,0.6477991016199706,TGC3
2021-07-15,0.626150983479466,0.599962653445182,TGC3
2021-07-19,0.7181034613150362,0.6586874437906528,TGC3
2021-07-20,0.746806504987608,0.6712624728711747,TGC3
2021-08-04,0.7476837898909195,0.6778818411195199,TGC3
2022-06-04,0.3415286507954474,0.356537139308843,TGC3
2022-06-19,0.4455960721600203,0.4131491932888122,TGC3
2022-06-20,0.4574493716645127,0.4150792258586045,TGC3
2022-07-09,0.5227930742510627,0.4848832642058685,TGC3
2022-07-10,0.4929336623136636,0.4661205401682054,TGC3
2022-07-20,0.7041036583379148,0.6353025994162705,TGC3
2022-08-03,0.7021424187334878,0.6365255100812085,TGC3
2023-08-04,0.6947299729094938,0.6427253069806836,TGC3
2024-06-08,0.3779809304314549,0.3989311089855792,TGC3
2024-06-11,0.3900576134404528,0.3973754655449324,TGC3
2024-06-13,0.4311183983372433,0.4123858418247322,TGC3
2024-06-14,0.4719565142677598,0.4420976661170998,TGC3
2024-06-19,0.5706598594115286,0.5131023310820798,TGC3
2024-06-21,0.5645905344693148,0.4820432734055553,TGC3
2024-06-24,0.6304672382474032,0.5655795869546755,TGC3
2024-07-23,0.7575922314015817,0.6852193501053987,TGC3
2024-07-24,0.7502956281976192,0.677322325834967,TGC3
2025-06-11,0.2699303814946802,0.3234182738483501,TGC3
2025-06-14,0.3112748126130629,0.3381337442070223,TGC3
2025-06-16,0.3600490272617697,0.3770818152898508,TGC3
2025-06-18,0.4353010829086388,0.4244022548353469,TGC3
2025-06-19,0.4619756892331089,0.4388306054357898,TGC3
2025-07-03,0.6803138468428995,0.624138258791099,TGC3
2025-07-04,0.6369530333995466,0.5860989100150858,TGC3
2025-07-06,0.704808914649472,0.639455582600927,TGC3
2025-07-31,0.7829634621986884,0.7082746900502607,TGC3
2025-08-07,0.7764026683558645,0.7046382032732631,TGC3
2019-06-01,0.4037911358154172,0.3973713864447186,TOOL280-1
2019-06-03,0.430129751912319,0.4122018443635596,TOOL280-1
2019-06-11,0.498206499939502,0.4882972214494753,TOOL280-1
2019-06-15,0.5270486544188789,0.5077594503855429,TOOL280-1
2019-06-16,0.5291709766147973,0.5019714531496182,TOOL280-1
2019-06-18,0.5333422927072983,0.5106866610086299,TOOL280-1
2019-06-20,0.527006129363533,0.4960005183073221,TOOL280-1
2019-06-26,0.603242062425871,0.5690213325669429,TOOL280-1
2019-07-08,0.6399126702493133,0.6063827371101809,TOOL280-1
2019-07-10,0.642322949803862,0.6132000865549168,TOOL280-1
2019-07-11,0.6154315978995117,0.5867065017793923,TOOL280-1
2019-07-23,0.6105869462522208,0.5814603487303481,TOOL280-1
2019-08-07,0.6380361466121958,0.6305658170972842,TOOL280-1
2019-08-30,0.5004986783934819,0.513402182821107,TOOL280-1
2020-06-02,0.3996969717877611,0.4239944179446207,TOOL280-1
2020-06-20,0.608056402094055,0.5832861759627528,TOOL280-1
2020-07-07,0.6693893821604109,0.629173820992465,TOOL280-1
2020-07-15,0.625524700824524,0.6270703875555639,TOOL280-1
2020-08-04,0.6333806617317576,0.6149640927960227,TOOL280-1
2020-08-21,0.4766679020609043,0.4761941062346196,TOOL280-1
2021-06-05,0.328918403545673,0.3641443101831283,TOOL280-1
2021-07-12,0.6793040060449907,0.6482795156749583,TOOL280-1
2021-07-15,0.6920911567860069,0.6744485692018044,TOOL280-1
2021-07-19,0.6654064633659861,0.6634366868669901,TOOL280-1
2021-07-20,0.6860747635913966,0.6712699470464877,TOOL280-1
2021-08-04,0.7088757213262645,0.6842557095373328,TOOL280-1
2022-06-04,0.3477394873085827,0.3805890656596163,TOOL280-1
2022-06-19,0.4510829502997349,0.4516853323708947,TOOL280-1
2022-06-20,0.4662891336746682,0.4618077984319888,TOOL280-1
2022-07-09,0.6062003856432759,0.5819103449928849,TOOL280-1
2022-07-10,0.5891132274387091,0.5647461932294628,TOOL280-1
2022-07-20,0.7009401098725105,0.6569618324820705,TOOL280-1
2022-08-03,0.6866616218902152,0.6471680818413899,TOOL280-1
2023-08-04,0.7172769804556728,0.6740792625341291,TOOL280-1
2024-06-08,0.3795028020380653,0.4026229818323247,TOOL280-1
2024-06-11,0.389925675164971,0.4080368072732364,TOOL280-1
2024-06-13,0.4246839844877746,0.4278048558131222,TOOL280-1
2024-06-14,0.4627977914957391,0.456979503542975,TOOL280-1
2024-06-19,0.5702880614994764,0.5336683136665861,TOOL280-1
2024-06-21,0.5760742269568022,0.5365596013512423,TOOL280-1
2024-06-24,0.6077179495104216,0.5699939143764882,TOOL280-1
2024-07-23,0.7262260595380889,0.668646504442681,TOOL280-1
2024-07-24,0.7070675872686097,0.6694333861896802,TOOL280-1
2025-06-11,0.2683720673333094,0.3256839444527684,TOOL280-1
2025-06-14,0.3232704171753083,0.3588798164959745,TOOL280-1
2025-06-16,0.3720587603208975,0.4143424703239637,TOOL280-1
2025-06-18,0.2280465134847775,0.3836093232844887,TOOL280-1
2025-06-19,0.4757916894287623,0.5012461379681745,TOOL280-1
2025-07-03,0.6993046586896822,0.6615782030059588,TOOL280-1
2025-07-04,0.6967455422314102,0.6608094191402444,TOOL280-1
2025-07-06,0.7219950176708918,0.6754849246826837,TOOL280-1
2025-07-31,0.7620940981816119,0.7156480205092779,TOOL280-1
2025-08-07,0.7617560125184587,0.7146955285493112,TOOL280-1
2019-06-01,0.4275959179555888,0.4108414582175975,TOOL280-2
2019-06-03,0.4240439178322801,0.4049463223334408,TOOL280-2
2019-06-11,0.4973021666710038,0.4788531386623113,TOOL280-2
2019-06-15,0.519501882022448,0.498351405387447,TOOL280-2
2019-06-16,0.5163260369340557,0.4907535821341444,TOOL280-2
2019-06-18,0.5231869402614563,0.502018944992675,TOOL280-2
2019-06-20,0.5088126416680961,0.4855921147550133,TOOL280-2
2019-06-26,0.5811473391643909,0.5571933646361932,TOOL280-2
2019-07-08,0.6219583619545404,0.600528957704615,TOOL280-2
2019-07-10,0.6244738181120248,0.6104409590852341,TOOL280-2
2019-07-11,0.5991761494422049,0.581416026007837,TOOL280-2
2019-07-23,0.6044862620787198,0.58663421030519,TOOL280-2
2019-08-07,0.6434984278281848,0.6381394287336386,TOOL280-2
2019-08-30,0.5450826402281373,0.5408636556404197,TOOL280-2
2020-06-02,0.4838130447285942,0.4923711108675987,TOOL280-2
2020-06-20,0.375915170130534,0.4143084164703102,TOOL280-2
2020-07-07,0.6640376267890596,0.6608144315829482,TOOL280-2
2020-07-15,0.6318262166313501,0.6308180312336478,TOOL280-2
2020-08-04,0.6491094835183499,0.6501460354713298,TOOL280-2
2020-08-21,0.530204505666648,0.5343129700079007,TOOL280-2
2021-06-05,0.4170803982843433,0.418539120686886,TOOL280-2
2021-07-12,0.6729041492136809,0.6738662514122901,TOOL280-2
2021-07-15,0.6904556819488318,0.7015644181698669,TOOL280-2
2021-07-19,0.6783112710726867,0.6961968282763311,TOOL280-2
2021-07-20,0.6889767605775052,0.699730409413914,TOOL280-2
2021-08-04,0.7147024175928837,0.7193094474991273,TOOL280-2
2022-06-04,0.4402934725045897,0.4484286566071443,TOOL280-2
2022-06-19,0.5249963523249318,0.5245149957974352,TOOL280-2
2022-06-20,0.5332567722456005,0.5306807440048773,TOOL280-2
2022-07-09,0.6098228164236498,0.6095389935752493,TOOL280-2
2022-07-10,0.5990681260829253,0.5981396487583932,TOOL280-2
2022-07-20,0.6901019039372166,0.6905148202609169,TOOL280-2
2022-08-03,0.6839600186312466,0.6816535319486865,TOOL280-2
2023-08-04,0.7096084295867123,0.7059773433263126,TOOL280-2
2024-06-08,0.4472916942097363,0.4470763991982514,TOOL280-2
2024-06-11,0.4564706914201099,0.4516521929414452,TOOL280-2
2024-06-13,0.4801426109158097,0.4708850985404109,TOOL280-2
2024-06-14,0.5094325291890635,0.4974269725504344,TOOL280-2
2024-06-19,0.5683670587383269,0.5554481565126288,TOOL280-2
2024-06-21,0.5659250391110338,0.5582471005597609,TOOL280-2
2024-06-24,0.5958325868897626,0.5877693722448564,TOOL280-2
2024-07-23,0.6919504760322863,0.6859226045934731,TOOL280-2
2024-07-24,0.6806730354115813,0.684079720142595,TOOL280-2
2025-06-11,0.3763652263683923,0.3941840823117574,TOOL280-2
2025-06-14,0.4136723973558491,0.4255805224934685,TOOL280-2
2025-06-16,0.4678593294180087,0.4789633591130474,TOOL280-2
2025-06-19,0.5424134288820631,0.5482182874441408,TOOL280-2
2025-07-03,0.6974960087066766,0.6946151441729171,TOOL280-2
2025-07-04,0.6996491817318741,0.6977834928345381,TOOL280-2
2025-07-06,0.7169255581425918,0.7115760500810625,TOOL280-2
2025-07-31,0.7520387210769348,0.7483822694935285,TOOL280-2
2025-08-07,0.7546234137627429,0.7506227222050096,TOOL280-2
2019-06-01,0.5916263487796357,0.5857832425456145,WT4
2019-06-01,0.5916263487796357,0.581075152202074,WT4
2019-06-01,0.5867651431353021,0.5857832425456145,WT4
2019-06-01,0.5867651431353021,0.581075152202074,WT4
2019-06-03,0.6020987559198208,0.5952169825822445,WT4
2019-06-03,0.6020987559198208,0.581652598919535,WT4
2019-06-03,0.5876369683737036,0.5952169825822445,WT4
2019-06-03,0.5876369683737036,0.581652598919535,WT4
2019-06-11,0.6503576769735865,0.6410364274888111,WT4
2019-06-15,0.6680307261568659,0.657424734766201,WT4
2019-06-15,0.6680307261568659,0.65544298685794,WT4
2019-06-15,0.6660188111846662,0.657424734766201,WT4
2019-06-15,0.6660188111846662,0.65544298685794,WT4
2019-06-16,0.6583851396083737,0.6435339843725718,WT4
2019-06-16,0.6583851396083737,0.6432995929515598,WT4
2019-06-16,0.6580260049422295,0.6435339843725718,WT4
2019-06-16,0.6580260049422295,0.6432995929515598,WT4
2019-06-18,0.5332456973398899,0.5524788929649722,WT4
2019-06-18,0.5332456973398899,0.5532048783233958,WT4
2019-06-18,0.5336741472676557,0.5524788929649722,WT4
2019-06-18,0.5336741472676557,0.5532048783233958,WT4
2019-06-20,0.602512857871952,0.5873034148200978,WT4
2019-06-20,0.602512857871952,0.5797353670996743,WT4
2019-06-20,0.5942593832656706,0.5873034148200978,WT4
2019-06-20,0.5942593832656706,0.5797353670996743,WT4
2019-06-26,0.7110055047205665,0.6919807639512341,WT4
2019-06-26,0.7110055047205665,0.6945730104663493,WT4
2019-06-26,0.7137199259560764,0.6919807639512341,WT4
2019-06-26,0.7137199259560764,0.6945730104663493,WT4
2019-07-08,0.7142657955724533,0.6986459216236212,WT4
2019-07-08,0.7142657955724533,0.7041019587396349,WT4
2019-07-08,0.7196017229264672,0.6986459216236212,WT4
2019-07-08,0.7196017229264672,0.7041019587396349,WT4
2019-07-10,0.7170410814073888,0.6990336612356592,WT4
2019-07-10,0.7170410814073888,0.7025681985596041,WT4
2019-07-10,0.7208687052593336,0.6990336612356592,WT4
2019-07-10,0.7208687052593336,0.7025681985596041,WT4
2019-07-11,0.6888302159790609,0.6736959419356197,WT4
2019-07-11,0.6888302159790609,0.6737618859818612,WT4
2019-07-11,0.6886895799217326,0.6736959419356197,WT4
2019-07-11,0.6886895799217326,0.6737618859818612,WT4
2019-07-23,0.5673354815009924,0.5233686607549859,WT4
2019-08-05,0.7156765248621938,0.7026310363201786,WT4
2019-08-07,0.7041180430967244,0.6991840674375834,WT4
2019-08-07,0.7041180430967244,0.7062297543949301,WT4
2019-08-07,0.7111171753876242,0.6991840674375834,WT4
2019-08-07,0.7111171753876242,0.7062297543949301,WT4
2019-08-30,0.5967409603420911,0.6000169373344254,WT4
2019-08-30,0.5967409603420911,0.5983152758218373,WT4
2019-08-30,0.5949098069872559,0.6000169373344254,WT4
2019-08-30,0.5949098069872559,0.5983152758218373,WT4
2020-06-02,0.5488235225666346,0.5531576819989943,WT4
2020-06-02,0.5488235225666346,0.5533472145403086,WT4
2020-06-02,0.5490514921397847,0.5531576819989943,WT4
2020-06-02,0.5490514921397847,0.5533472145403086,WT4
2020-06-20,0.577880221557388,0.56021158655948,WT4
2020-07-07,0.7155590528607938,0.6945160440509592,WT4
2020-07-07,0.7155590528607938,0.6969830082899676,WT4
2020-07-07,0.7183273748323791,0.6945160440509592,WT4
2020-07-07,0.7183273748323791,0.6969830082899676,WT4
2020-07-15,0.6201653267253884,0.6090525956664896,WT4
2020-07-15,0.6201653267253884,0.610167336182106,WT4
2020-07-15,0.6216021465811463,0.6090525956664896,WT4
2020-07-15,0.6216021465811463,0.610167336182106,WT4
2020-08-04,0.7084943888010353,0.7003937799578891,WT4
2020-08-06,0.6578611956786404,0.64148979851775,WT4
2020-08-21,0.582743134928374,0.5869531940726833,WT4
2020-08-21,0.582743134928374,0.5867608316117099,WT4
2020-08-21,0.5822955489594518,0.5869531940726833,WT4
2020-08-21,0.5822955489594518,0.5867608316117099,WT4
2021-06-05,0.4384939692133726,0.4721338044338645,WT4
2021-06-05,0.4384939692133726,0.4730166673530898,WT4
2021-06-05,0.4369488100097199,0.4721338044338645,WT4
2021-06-05,0.4369488100097199,0.4730166673530898,WT4
2021-07-12,0.724804313188576,0.6942749730907081,WT4
2021-07-12,0.724804313188576,0.6964245481335624,WT4
2021-07-12,0.7271068060581443,0.6942749730907081,WT4
2021-07-12,0.7271068060581443,0.6964245481335624,WT4
2021-07-15,0.7394475260545349,0.7178882655946963,WT4
2021-07-15,0.7394475260545349,0.7069765006740748,WT4
2021-07-15,0.7281903976912699,0.7178882655946963,WT4
2021-07-15,0.7281903976912699,0.7069765006740748,WT4
2021-07-19,0.7333431003635655,0.7222559725241041,WT4
2021-07-19,0.7333431003635655,0.7227278852908137,WT4
2021-07-19,0.7338511263086295,0.7222559725241041,WT4
2021-07-19,0.7338511263086295,0.7227278852908137,WT4
2021-07-20,0.7436960619294904,0.7322223266604889,WT4
2021-07-20,0.7436960619294904,0.7305585429715624,WT4
2021-07-20,0.7416722503452444,0.7322223266604889,WT4
2021-07-20,0.7416722503452444,0.7305585429715624,WT4
2021-08-04,0.7680998592114975,0.746143691258718,WT4
2021-08-04,0.7680998592114975,0.7457463727128535,WT4
2021-08-04,0.767692927085175,0.746143691258718,WT4
2021-08-04,0.767692927085175,0.7457463727128535,WT4
2022-06-04,0.5230669338459033,0.5221209318669487,WT4
2022-06-04,0.5230669338459033,0.5198641265142063,WT4
2022-06-04,0.5205696810320511,0.5221209318669487,WT4
2022-06-04,0.5205696810320511,0.5198641265142063,WT4
2022-06-05,0.5296652247088954,0.5316000773968438,WT4
2022-06-19,0.5911817602628764,0.5857418400979151,WT4
2022-06-20,0.5920628275892938,0.5835611792177927,WT4
2022-06-20,0.5920628275892938,0.5851434959431169,WT4
2022-06-20,0.593522955324632,0.5835611792177927,WT4
2022-06-20,0.593522955324632,0.5851434959431169,WT4
2022-07-09,0.6646974535607718,0.6385376024854559,WT4
2022-07-09,0.6646974535607718,0.6318585909592619,WT4
2022-07-09,0.6576006768461379,0.6385376024854559,WT4
2022-07-09,0.6576006768461379,0.6318585909592619,WT4
2022-07-10,0.5830860928990321,0.5616926054439881,WT4
2022-07-20,0.729341191856354,0.7085086787103279,WT4
2022-07-20,0.729341191856354,0.7097792955317491,WT4
2022-07-20,0.7308004295364375,0.7085086787103279,WT4
2022-07-20,0.7308004295364375,0.7097792955317491,WT4
2022-08-03,0.7334631037254666,0.6963850079411473,WT4
2022-08-03,0.7334631037254666,0.6987738404559477,WT4
2022-08-03,0.7363483394954956,0.6963850079411473,WT4
2022-08-03,0.7363483394954956,0.6987738404559477,WT4
2023-08-04,0.7494873015954558,0.7286663036381585,WT4
2023-08-04,0.7494873015954558,0.7332880605191741,WT4
2023-08-04,0.7544559055006504,0.7286663036381585,WT4
2023-08-04,0.7544559055006504,0.7332880605191741,WT4
2024-06-08,0.5101798708280924,0.5174227448216518,WT4
2024-06-08,0.5101798708280924,0.5185894669019986,WT4
2024-06-08,0.5107817717476206,0.5174227448216518,WT4
2024-06-08,0.5107817717476206,0.5185894669019986,WT4
2024-06-11,0.519235848698842,0.5252835256757901,WT4
2024-06-11,0.519235848698842,0.5222312279982576,WT4
2024-06-11,0.5161470722272427,0.5252835256757901,WT4
2024-06-11,0.5161470722272427,0.5222312279982576,WT4
2024-06-13,0.5363406867401185,0.5380178153020232,WT4
2024-06-13,0.5363406867401185,0.5339858417879502,WT4
2024-06-13,0.5317550847466794,0.5380178153020232,WT4
2024-06-13,0.5317550847466794,0.5339858417879502,WT4
2024-06-14,0.5601895657864452,0.5572589370736488,WT4
2024-06-14,0.5601895657864452,0.5571449266142348,WT4
2024-06-14,0.5595656804973698,0.5572589370736488,WT4
2024-06-14,0.5595656804973698,0.5571449266142348,WT4
2024-06-19,0.6244364756707415,0.6130135636194273,WT4
2024-06-19,0.6244364756707415,0.6106657082809457,WT4
2024-06-19,0.6220956340553612,0.6130135636194273,WT4
2024-06-19,0.6220956340553612,0.6106657082809457,WT4
2024-06-21,0.6201149272759711,0.6063469248781144,WT4
2024-06-21,0.6201149272759711,0.6073150212093343,WT4
2024-06-21,0.6209340733483156,0.6063469248781144,WT4
2024-06-21,0.6209340733483156,0.6073150212093343,WT4
2024-06-24,0.6260572839869469,0.6076428450860974,WT4
2024-07-23,0.6912672411055433,0.6751305155173889,WT4
2024-07-23,0.6912672411055433,0.6787626444051922,WT4
2024-07-23,0.6949299271702706,0.6751305155173889,WT4
2024-07-23,0.6949299271702706,0.6787626444051922,WT4
2024-08-05,0.6692553575673684,0.6586885449186984,WT4
2025-06-11,0.3573824200275675,0.371374394267812,WT4
2025-06-11,0.3573824200275675,0.374004288525783,WT4
2025-06-11,0.359559208723424,0.371374394267812,WT4
2025-06-11,0.359559208723424,0.374004288525783,WT4
2025-06-14,0.4051124331275963,0.4072951283696983,WT4
2025-06-14,0.4051124331275963,0.406888587615958,WT4
2025-06-14,0.4048025698477827,0.4072951283696983,WT4
2025-06-14,0.4048025698477827,0.406888587615958,WT4
2025-06-16,0.4626029894355004,0.4643808584794985,WT4
2025-06-16,0.4626029894355004,0.4629382798741103,WT4
2025-06-16,0.4605208388542302,0.4643808584794985,WT4
2025-06-16,0.4605208388542302,0.4629382798741103,WT4
2025-06-18,0.491011738558005,0.4894957707374656,WT4
2025-06-18,0.491011738558005,0.4904788068263199,WT4
2025-06-18,0.4928986464328447,0.4894957707374656,WT4
2025-06-18,0.4928986464328447,0.4904788068263199,WT4
2025-06-19,0.5305025752281598,0.5192118186548519,WT4
2025-06-19,0.5305025752281598,0.5131901737492571,WT4
2025-06-19,0.5239404686074435,0.5192118186548519,WT4
2025-06-19,0.5239404686074435,0.5131901737492571,WT4
2025-07-03,0.7203766687504409,0.6920425211739009,WT4
2025-07-03,0.7203766687504409,0.7103107567180318,WT4
2025-07-03,0.7405705503377841,0.6920425211739009,WT4
2025-07-03,0.7405705503377841,0.7103107567180318,WT4
2025-07-04,0.7096939093589877,0.6814600542614239,WT4
2025-07-04,0.7096939093589877,0.6996569649324238,WT4
2025-07-04,0.7262598689597854,0.6814600542614239,WT4
2025-07-04,0.7262598689597854,0.6996569649324238,WT4
2025-07-06,0.7449034826202353,0.7168252708001717,WT4
2025-07-06,0.7449034826202353,0.7239096045807283,WT4
2025-07-06,0.7528297927801505,0.7168252708001717,WT4
2025-07-06,0.7528297927801505,0.7239096045807283,WT4
2025-07-31,0.7804791672347787,0.7605815546729793,WT4
2025-07-31,0.7804791672347787,0.7629127399102629,WT4
2025-07-31,0.7832052830228295,0.7605815546729793,WT4
2025-07-31,0.7832052830228295,0.7629127399102629,WT4
2025-08-07,0.7789398397306481,0.7580217493367193,WT4
2025-08-07,0.7789398397306481,0.7586066752639383,WT4
2025-08-07,0.7798485329801581,0.7580217493367193,WT4
2025-08-07,0.7798485329801581,0.7586066752639383,WT4
